date,home_team,away_team,home_score,away_score,tournament,neutral,country
2010-01-01,Uruguay B,Uruguay,0,2,World Cup qualification,False,Uruguay B
2010-01-04,Ivory Coast,Senegal,1,0,Friendly,False,Ivory Coast
2010-01-08,Saudi Arabia,Brazil,1,2,Copa America,False,Saudi Arabia
2010-01-12,Wales,Cameroon,1,3,Friendly,True,Neutral
2010-01-16,Mexico,Austria,1,0,World Cup qualification,False,Mexico
2010-01-20,Iran,Australia,3,1,UEFA Euro,True,Neutral
2010-01-24,Egypt,Brazil,1,2,World Cup qualification,False,Egypt
2010-01-28,Serbia,Italy,1,2,Friendly,False,Serbia
2010-02-01,Ecuador,Spain,1,4,World Cup qualification,True,Neutral
2010-02-05,Germany,Nigeria,1,0,Nations League,False,Germany
2010-02-09,Cameroon,Ecuador,2,1,Friendly,False,Cameroon
2010-02-13,Argentina,Austria,3,0,Friendly,False,Argentina
2010-02-17,Wales,Ivory Coast,1,2,World Cup qualification,False,Wales
2010-02-21,Norway,Turkey,2,1,World Cup qualification,False,Norway
2010-02-25,Egypt,Algeria,1,2,World Cup qualification,False,Egypt
2010-03-01,Ecuador,Senegal,1,2,Friendly,True,Neutral
2010-03-05,Denmark,Senegal,4,1,World Cup qualification,False,Denmark
2010-03-09,Costa Rica,Uruguay B,0,1,Nations League,False,Costa Rica
2010-03-13,Chile,France,1,3,Friendly,False,Chile
2010-03-17,Saudi Arabia,Ukraine,1,2,Copa America,False,Saudi Arabia
2010-03-21,Tunisia,Costa Rica,2,0,Friendly,False,Tunisia
2010-03-25,Turkey,Mexico,1,5,Friendly,False,Turkey
2010-03-29,Mexico,Belgium,0,1,UEFA Euro,True,Neutral
2010-04-02,Wales,Ecuador,0,2,World Cup qualification,False,Wales
2010-04-06,Iran,Belgium,1,3,Friendly,True,Neutral
2010-04-09,Italy,Portugal,2,2,World Cup qualification,True,Neutral
2010-04-13,Ivory Coast,Chile,2,3,Friendly,False,Ivory Coast
2010-04-17,Australia,USA,1,0,Copa America,False,Australia
2010-04-21,Poland,Iran,1,1,Friendly,False,Poland
2010-04-25,Portugal,Cameroon,3,1,Friendly,True,Neutral
2010-04-29,Australia,Peru,2,0,World Cup qualification,True,Neutral
2010-05-03,Panama,Croatia,0,0,Nations League,True,Neutral
2010-05-07,Egypt,France,1,4,World Cup qualification,False,Egypt
2010-05-11,Tunisia,Japan,1,0,FIFA World Cup,False,Tunisia
2010-05-15,Uruguay B,England,1,2,World Cup qualification,True,Neutral
2010-05-19,Argentina,Croatia,6,2,Friendly,False,Argentina
2010-05-23,Germany,Senegal,3,1,World Cup qualification,True,Neutral
2010-05-27,Serbia,France,0,2,World Cup qualification,False,Serbia
2010-05-31,Colombia,Ivory Coast,0,1,Friendly,True,Neutral
2010-06-04,Panama,Switzerland,1,2,Friendly,False,Panama
2010-06-08,Saudi Arabia,France,0,2,Nations League,False,Saudi Arabia
2010-06-12,Canada,Denmark,0,1,Friendly,False,Canada
2010-06-16,Serbia,Canada,0,2,Copa America,True,Neutral
2010-06-20,Norway,Nigeria,1,2,World Cup qualification,False,Norway
2010-06-24,Norway,Argentina,0,4,FIFA World Cup,True,Neutral
2010-06-28,Croatia,Argentina,0,2,Friendly,False,Croatia
2010-07-02,Ivory Coast,Saudi Arabia,6,0,World Cup qualification,False,Ivory Coast
2010-07-06,Ukraine,Norway,1,1,FIFA World Cup,False,Ukraine
2010-07-10,USA,Denmark,1,4,Friendly,False,USA
2010-07-13,Turkey,Mexico,1,0,UEFA Euro,False,Turkey
2010-07-17,England,Switzerland,0,2,World Cup qualification,False,England
2010-07-21,Japan,Switzerland,0,3,FIFA World Cup,False,Japan
2010-07-25,Uruguay,Wales,1,0,World Cup qualification,True,Neutral
2010-07-29,Brazil,Switzerland,5,2,Friendly,False,Brazil
2010-08-02,Cameroon,USA,1,2,World Cup qualification,False,Cameroon
2010-08-06,Algeria,Germany,1,1,Friendly,False,Algeria
2010-08-10,Norway,Italy,2,1,Friendly,False,Norway
2010-08-14,Uruguay,Sweden,2,1,Nations League,False,Uruguay
2010-08-18,Denmark,Ivory Coast,3,1,FIFA World Cup,True,Neutral
2010-08-22,Japan,Costa Rica,4,0,UEFA Euro,False,Japan
2010-08-26,Tunisia,Australia,1,2,Friendly,False,Tunisia
2010-08-30,Tunisia,Senegal,1,1,FIFA World Cup,True,Neutral
2010-09-03,Argentina,Switzerland,2,0,Friendly,True,Neutral
2010-09-07,Uruguay,Ghana,2,0,World Cup qualification,False,Uruguay
2010-09-11,Costa Rica,Nigeria,3,1,FIFA World Cup,False,Costa Rica
2010-09-15,Japan,Panama,1,0,Friendly,False,Japan
2010-09-19,Uruguay B,Denmark,0,0,FIFA World Cup,True,Neutral
2010-09-23,Italy,Turkey,1,1,Copa America,False,Italy
2010-09-27,Senegal,Serbia,0,3,Copa America,False,Senegal
2010-10-01,Serbia,Scotland,2,0,Friendly,False,Serbia
2010-10-05,Peru,Canada,4,2,FIFA World Cup,False,Peru
2010-10-09,France,Colombia,4,0,Friendly,False,France
2010-10-13,Argentina,Cameroon,6,1,Friendly,False,Argentina
2010-10-16,Tunisia,Morocco,0,2,World Cup qualification,False,Tunisia
2010-10-20,Senegal,Serbia,1,2,Friendly,True,Neutral
2010-10-24,Algeria,Chile,1,2,World Cup qualification,False,Algeria
2010-10-28,Uruguay,Uruguay B,3,2,World Cup qualification,False,Uruguay
2010-11-01,Nigeria,Egypt,2,0,Friendly,False,Nigeria
2010-11-05,Colombia,Poland,0,1,World Cup qualification,True,Neutral
2010-11-09,France,Ivory Coast,2,0,World Cup qualification,True,Neutral
2010-11-13,Algeria,Saudi Arabia,3,1,World Cup qualification,True,Neutral
2010-11-17,England,Ukraine,4,0,Friendly,True,Neutral
2010-11-21,South Korea,Mexico,3,3,UEFA Euro,False,South Korea
2010-11-25,Croatia,Japan,1,2,UEFA Euro,False,Croatia
2010-11-29,Chile,Colombia,1,2,World Cup qualification,True,Neutral
2010-12-03,Germany,Netherlands,0,0,World Cup qualification,True,Neutral
2010-12-07,Argentina,Panama,3,0,FIFA World Cup,False,Argentina
2010-12-11,Morocco,Austria,1,2,Friendly,False,Morocco
2010-12-15,Algeria,Belgium,0,1,FIFA World Cup,False,Algeria
2010-12-19,Tunisia,Portugal,0,1,Friendly,False,Tunisia
2010-12-23,Italy,Poland,2,0,Friendly,False,Italy
2010-12-27,Senegal,Algeria,2,2,World Cup qualification,True,Neutral
2010-12-31,France,Nigeria,3,0,Friendly,False,France
2011-01-04,Senegal,Spain,0,1,Friendly,False,Senegal
2011-01-08,Peru,Algeria,2,2,World Cup qualification,True,Neutral
2011-01-12,Uruguay B,Italy,0,5,FIFA World Cup,False,Uruguay B
2011-01-16,Turkey,Tunisia,2,2,Friendly,False,Turkey
2011-01-19,Wales,Uruguay B,0,2,World Cup qualification,True,Neutral
2011-01-23,Nigeria,Ecuador,1,1,Copa America,True,Neutral
2011-01-27,Ukraine,Poland,2,1,Friendly,True,Neutral
2011-01-31,Panama,Sweden,2,1,Nations League,False,Panama
2011-02-04,Tunisia,Ecuador,0,2,Nations League,True,Neutral
2011-02-08,Saudi Arabia,Turkey,2,1,Friendly,False,Saudi Arabia
2011-02-12,Canada,Egypt,0,1,Friendly,True,Neutral
2011-02-16,Poland,Uruguay B,1,0,Nations League,True,Neutral
2011-02-20,Belgium,Iran,0,0,Friendly,False,Belgium
2011-02-24,Colombia,Poland,1,0,Nations League,True,Neutral
2011-02-28,Belgium,Canada,0,2,Copa America,False,Belgium
2011-03-04,Canada,USA,3,0,World Cup qualification,False,Canada
2011-03-08,Tunisia,France,2,2,World Cup qualification,True,Neutral
2011-03-12,Tunisia,Austria,1,1,Friendly,False,Tunisia
2011-03-16,Colombia,Ecuador,3,0,Nations League,False,Colombia
2011-03-20,Brazil,Belgium,2,1,Friendly,True,Neutral
2011-03-24,USA,Uruguay B,0,0,Friendly,False,USA
2011-03-28,Netherlands,Italy,1,1,World Cup qualification,False,Netherlands
2011-04-01,Scotland,Ghana,2,1,Friendly,False,Scotland
2011-04-05,Switzerland,France,1,2,Nations League,False,Switzerland
2011-04-09,Mexico,Ecuador,2,1,World Cup qualification,False,Mexico
2011-04-13,Ghana,Spain,0,3,Friendly,False,Ghana
2011-04-17,Switzerland,Portugal,0,5,Nations League,False,Switzerland
2011-04-21,Belgium,Australia,2,1,Friendly,False,Belgium
2011-04-24,Spain,Italy,1,0,Friendly,False,Spain
2011-04-28,Egypt,Senegal,1,0,Copa America,False,Egypt
2011-05-02,Costa Rica,Argentina,0,3,World Cup qualification,False,Costa Rica
2011-05-06,Croatia,Germany,1,0,Nations League,False,Croatia
2011-05-10,Denmark,Nigeria,1,0,Friendly,False,Denmark
2011-05-14,Ivory Coast,USA,1,3,UEFA Euro,False,Ivory Coast
2011-05-18,Saudi Arabia,Japan,2,0,UEFA Euro,False,Saudi Arabia
2011-05-22,Australia,England,2,2,Copa America,True,Neutral
2011-05-26,Egypt,Sweden,2,2,World Cup qualification,False,Egypt
2011-05-30,Ivory Coast,Serbia,0,2,FIFA World Cup,False,Ivory Coast
2011-06-03,Tunisia,Panama,0,1,Copa America,False,Tunisia
2011-06-07,Argentina,Colombia,1,0,Nations League,False,Argentina
2011-06-11,Serbia,Uruguay B,2,0,World Cup qualification,False,Serbia
2011-06-15,Japan,Turkey,1,1,UEFA Euro,False,Japan
2011-06-19,Wales,Egypt,0,2,World Cup qualification,False,Wales
2011-06-23,USA,England,3,1,Friendly,False,USA
2011-06-27,Ivory Coast,Norway,2,0,Friendly,False,Ivory Coast
2011-07-01,Colombia,Norway,2,0,FIFA World Cup,False,Colombia
2011-07-05,Switzerland,Serbia,0,1,UEFA Euro,False,Switzerland
2011-07-09,Portugal,Germany,3,2,Nations League,False,Portugal
2011-07-13,Switzerland,Uruguay B,3,1,World Cup qualification,True,Neutral
2011-07-17,Japan,Tunisia,1,2,FIFA World Cup,False,Japan
2011-07-21,England,Turkey,3,1,Nations League,False,England
2011-07-25,Turkey,USA,1,1,Nations League,False,Turkey
2011-07-29,Mexico,Brazil,0,5,Friendly,True,Neutral
2011-08-01,France,Germany,0,5,Friendly,False,France
2011-08-05,Scotland,Turkey,0,2,FIFA World Cup,False,Scotland
2011-08-09,Colombia,Turkey,2,0,Nations League,False,Colombia
2011-08-13,Tunisia,Denmark,3,0,Friendly,True,Neutral
2011-08-17,Scotland,Nigeria,3,0,World Cup qualification,False,Scotland
2011-08-21,Colombia,Morocco,0,1,Friendly,False,Colombia
2011-08-25,Germany,Cameroon,2,2,World Cup qualification,False,Germany
2011-08-29,Wales,Qatar,4,1,Friendly,False,Wales
2011-09-02,Costa Rica,Chile,0,0,Friendly,True,Neutral
2011-09-06,Sweden,Nigeria,2,2,Friendly,False,Sweden
2011-09-10,Qatar,Iran,4,2,FIFA World Cup,True,Neutral
2011-09-14,Turkey,Denmark,0,3,Copa America,True,Neutral
2011-09-18,USA,Sweden,2,2,Friendly,False,USA
2011-09-22,Ecuador,Iran,3,1,World Cup qualification,False,Ecuador
2011-09-26,Germany,Croatia,3,1,Friendly,False,Germany
2011-09-30,Peru,Ghana,1,1,Friendly,False,Peru
2011-10-04,France,Japan,1,1,World Cup qualification,False,France
2011-10-08,Tunisia,Uruguay,1,1,World Cup qualification,False,Tunisia
2011-10-12,Scotland,Peru,0,1,Friendly,False,Scotland
2011-10-16,Costa Rica,Nigeria,0,1,Nations League,False,Costa Rica
2011-10-20,Ghana,Australia,2,1,Nations League,False,Ghana
2011-10-24,Austria,Italy,0,3,Copa America,False,Austria
2011-10-28,Netherlands,Belgium,2,0,FIFA World Cup,True,Neutral
2011-11-01,Qatar,Croatia,4,5,World Cup qualification,False,Qatar
2011-11-04,Denmark,Brazil,0,2,World Cup qualification,False,Denmark
2011-11-08,Peru,Croatia,1,1,Friendly,False,Peru
2011-11-12,Canada,Turkey,3,1,Friendly,False,Canada
2011-11-16,Belgium,USA,2,1,Nations League,False,Belgium
2011-11-20,Colombia,Italy,0,0,Friendly,False,Colombia
2011-11-24,Brazil,Uruguay,4,1,Friendly,False,Brazil
2011-11-28,Austria,Turkey,0,2,World Cup qualification,True,Neutral
2011-12-02,Netherlands,Peru,5,0,FIFA World Cup,False,Netherlands
2011-12-06,Ecuador,Serbia,0,4,Friendly,True,Neutral
2011-12-10,Brazil,USA,2,0,FIFA World Cup,True,Neutral
2011-12-14,Switzerland,Netherlands,0,0,Friendly,False,Switzerland
2011-12-18,Ukraine,Uruguay,2,2,UEFA Euro,False,Ukraine
2011-12-22,Serbia,Spain,1,1,Friendly,False,Serbia
2011-12-26,Spain,Ghana,2,2,Friendly,False,Spain
2011-12-30,Uruguay,Poland,2,1,Friendly,False,Uruguay
2012-01-03,Austria,Netherlands,0,1,Friendly,True,Neutral
2012-01-07,Peru,Costa Rica,0,2,Friendly,True,Neutral
2012-01-11,Algeria,Ghana,2,0,World Cup qualification,True,Neutral
2012-01-15,Ukraine,Tunisia,4,0,FIFA World Cup,False,Ukraine
2012-01-19,Portugal,Uruguay,1,0,Friendly,False,Portugal
2012-01-23,Qatar,Saudi Arabia,3,1,World Cup qualification,False,Qatar
2012-01-27,Serbia,Uruguay B,1,1,Friendly,True,Neutral
2012-01-31,Panama,USA,1,3,Friendly,False,Panama
2012-02-04,Iran,Italy,0,2,Friendly,False,Iran
2012-02-07,France,Peru,3,0,World Cup qualification,False,France
2012-02-11,Costa Rica,Germany,2,1,Friendly,False,Costa Rica
2012-02-15,Cameroon,France,0,3,Copa America,False,Cameroon
2012-02-19,Wales,Senegal,0,1,Friendly,True,Neutral
2012-02-23,Morocco,Switzerland,2,3,Nations League,False,Morocco
2012-02-27,Spain,Uruguay,2,0,Friendly,True,Neutral
2012-03-02,Costa Rica,Switzerland,0,1,Friendly,False,Costa Rica
2012-03-06,England,Austria,2,2,Friendly,True,Neutral
2012-03-10,Netherlands,Costa Rica,3,0,FIFA World Cup,False,Netherlands
2012-03-14,South Korea,Uruguay B,2,0,Friendly,False,South Korea
2012-03-18,Colombia,Scotland,2,1,World Cup qualification,True,Neutral
2012-03-22,Colombia,Poland,1,1,Friendly,False,Colombia
2012-03-26,Portugal,Peru,4,0,Friendly,False,Portugal
2012-03-30,Senegal,Nigeria,1,0,Friendly,True,Neutral
2012-04-03,Portugal,Switzerland,2,2,FIFA World Cup,True,Neutral
2012-04-07,Iran,Tunisia,1,0,Copa America,True,Neutral
2012-04-11,Portugal,Uruguay B,2,1,Friendly,False,Portugal
2012-04-15,Denmark,Netherlands,2,0,FIFA World Cup,False,Denmark
2012-04-19,Japan,Denmark,1,0,FIFA World Cup,True,Neutral
2012-04-23,Costa Rica,Turkey,1,2,World Cup qualification,False,Costa Rica
2012-04-27,Uruguay B,Panama,3,2,UEFA Euro,False,Uruguay B
2012-05-01,Qatar,Ghana,1,0,Friendly,False,Qatar
2012-05-05,Scotland,Peru,1,0,World Cup qualification,False,Scotland
2012-05-09,Ghana,Poland,1,2,Friendly,False,Ghana
2012-05-12,Germany,Cameroon,3,1,Friendly,True,Neutral
2012-05-16,Tunisia,Ecuador,1,2,Friendly,False,Tunisia
2012-05-20,Morocco,Chile,4,0,Friendly,False,Morocco
2012-05-24,Brazil,Ukraine,1,1,Friendly,False,Brazil
2012-05-28,Australia,Colombia,1,3,FIFA World Cup,False,Australia
2012-06-01,Ivory Coast,Algeria,2,2,Friendly,False,Ivory Coast
2012-06-05,Scotland,Serbia,2,3,UEFA Euro,True,Neutral
2012-06-09,Costa Rica,Turkey,2,3,Friendly,False,Costa Rica
2012-06-13,Saudi Arabia,Mexico,0,3,Friendly,False,Saudi Arabia
2012-06-17,Poland,Australia,2,1,FIFA World Cup,False,Poland
2012-06-21,Japan,Netherlands,1,4,FIFA World Cup,False,Japan
2012-06-25,USA,Morocco,2,3,World Cup qualification,False,USA
2012-06-29,Austria,Uruguay B,2,2,Friendly,False,Austria
2012-07-03,France,Japan,2,0,UEFA Euro,False,France
2012-07-07,Senegal,Iran,2,1,World Cup qualification,False,Senegal
2012-07-11,Australia,Norway,0,0,World Cup qualification,False,Australia
2012-07-15,Norway,Tunisia,0,2,Friendly,False,Norway
2012-07-19,Sweden,Wales,2,1,FIFA World Cup,False,Sweden
2012-07-23,Denmark,Ecuador,0,1,Copa America,False,Denmark
2012-07-27,South Korea,Wales,3,0,FIFA World Cup,False,South Korea
2012-07-31,Costa Rica,Scotland,1,1,Friendly,False,Costa Rica
2012-08-04,Ivory Coast,Portugal,1,3,Friendly,True,Neutral
2012-08-08,Poland,Ecuador,0,0,FIFA World Cup,True,Neutral
2012-08-12,Italy,Serbia,4,0,Friendly,False,Italy
2012-08-15,Ukraine,Spain,0,4,World Cup qualification,False,Ukraine
2012-08-19,Ghana,South Korea,0,1,Friendly,False,Ghana
2012-08-23,Qatar,Senegal,1,0,Nations League,True,Neutral
2012-08-27,Serbia,Saudi Arabia,1,1,Friendly,False,Serbia
2012-08-31,Italy,Austria,1,0,Friendly,False,Italy
2012-09-04,Austria,Poland,2,0,World Cup qualification,True,Neutral
2012-09-08,Netherlands,Senegal,1,0,Copa America,False,Netherlands
2012-09-12,South Korea,Tunisia,3,1,World Cup qualification,True,Neutral
2012-09-16,Wales,Turkey,0,0,Copa America,False,Wales
2012-09-20,France,Ivory Coast,2,2,Nations League,False,France
2012-09-24,Scotland,Australia,2,2,FIFA World Cup,False,Scotland
2012-09-28,Argentina,Spain,1,2,FIFA World Cup,False,Argentina
2012-10-02,Qatar,Tunisia,3,0,World Cup qualification,False,Qatar
2012-10-06,Peru,Saudi Arabia,2,1,FIFA World Cup,False,Peru
2012-10-10,Mexico,Saudi Arabia,0,0,Friendly,True,Neutral
2012-10-14,Iran,South Korea,2,2,Copa America,False,Iran
2012-10-18,Costa Rica,Ukraine,1,1,Friendly,False,Costa Rica
2012-10-22,South Korea,Tunisia,2,3,World Cup qualification,True,Neutral
2012-10-26,Brazil,Germany,4,2,Friendly,False,Brazil
2012-10-30,Austria,Scotland,0,1,Nations League,False,Austria
2012-11-03,England,Panama,1,1,Nations League,False,England
2012-11-07,Peru,Saudi Arabia,3,4,FIFA World Cup,False,Peru
2012-11-11,Costa Rica,Panama,0,1,Friendly,False,Costa Rica
2012-11-15,Chile,Italy,0,1,Friendly,False,Chile
2012-11-18,Ukraine,USA,1,1,Nations League,False,Ukraine
2012-11-22,Canada,Saudi Arabia,2,3,Friendly,True,Neutral
2012-11-26,Germany,Panama,3,0,Friendly,False,Germany
2012-11-30,Serbia,Austria,0,1,World Cup qualification,True,Neutral
2012-12-04,Ukraine,Spain,0,6,World Cup qualification,False,Ukraine
2012-12-08,Croatia,Serbia,4,1,Friendly,False,Croatia
2012-12-12,England,Costa Rica,2,0,World Cup qualification,False,England
2012-12-16,Japan,Uruguay B,1,2,World Cup qualification,False,Japan
2012-12-20,Japan,Netherlands,1,0,UEFA Euro,False,Japan
2012-12-24,Ukraine,Japan,2,1,World Cup qualification,False,Ukraine
2012-12-28,Switzerland,Cameroon,3,1,Nations League,False,Switzerland
2013-01-01,Canada,Ecuador,1,1,Friendly,False,Canada
2013-01-05,Turkey,USA,1,0,Nations League,True,Neutral
2013-01-09,Egypt,Portugal,2,0,FIFA World Cup,False,Egypt
2013-01-13,Qatar,Argentina,1,3,Nations League,False,Qatar
2013-01-17,Mexico,Algeria,2,1,Copa America,False,Mexico
2013-01-21,Portugal,Japan,4,4,Friendly,False,Portugal
2013-01-25,Chile,Mexico,0,1,Friendly,True,Neutral
2013-01-29,Norway,England,2,1,Nations League,True,Neutral
2013-02-02,Poland,Switzerland,1,2,Friendly,True,Neutral
2013-02-06,Tunisia,Senegal,2,3,World Cup qualification,False,Tunisia
2013-02-10,Italy,Germany,1,1,FIFA World Cup,False,Italy
2013-02-14,Denmark,Cameroon,2,0,UEFA Euro,False,Denmark
2013-02-18,Mexico,Scotland,1,3,Friendly,False,Mexico
2013-02-22,Costa Rica,Norway,1,2,Friendly,False,Costa Rica
2013-02-25,Ukraine,Uruguay,1,0,Friendly,False,Ukraine
2013-03-01,Japan,France,0,2,Copa America,False,Japan
2013-03-05,Qatar,France,1,4,World Cup qualification,False,Qatar
2013-03-09,South Korea,Wales,2,3,Friendly,False,South Korea
2013-03-13,Saudi Arabia,Panama,2,0,World Cup qualification,False,Saudi Arabia
2013-03-17,Belgium,Ivory Coast,1,2,Friendly,False,Belgium
2013-03-21,South Korea,Australia,1,1,World Cup qualification,False,South Korea
2013-03-25,USA,Iran,0,5,Friendly,True,Neutral
2013-03-29,Algeria,Qatar,1,1,Friendly,False,Algeria
2013-04-02,Denmark,Japan,3,2,Friendly,False,Denmark
2013-04-06,Denmark,Ghana,5,1,Friendly,False,Denmark
2013-04-10,Egypt,Nigeria,3,1,Friendly,False,Egypt
2013-04-14,France,Scotland,2,2,Friendly,False,France
2013-04-18,Switzerland,Qatar,2,0,Friendly,False,Switzerland
2013-04-22,Ecuador,Scotland,0,0,FIFA World Cup,True,Neutral
2013-04-26,South Korea,Portugal,2,0,Nations League,False,South Korea
2013-04-30,Netherlands,Norway,2,1,World Cup qualification,False,Netherlands
2013-05-04,Ghana,Mexico,0,5,Copa America,False,Ghana
2013-05-08,USA,Ghana,4,3,World Cup qualification,False,USA
2013-05-12,Colombia,Nigeria,2,1,Friendly,True,Neutral
2013-05-16,Netherlands,USA,3,3,Friendly,False,Netherlands
2013-05-20,Canada,Turkey,0,0,World Cup qualification,False,Canada
2013-05-24,Qatar,Croatia,1,2,Friendly,False,Qatar
2013-05-28,Ukraine,Brazil,0,0,Friendly,False,Ukraine
2013-05-31,Croatia,Colombia,3,0,Nations League,False,Croatia
2013-06-04,Saudi Arabia,Peru,0,0,Friendly,False,Saudi Arabia
2013-06-08,Brazil,Uruguay B,3,0,Nations League,False,Brazil
2013-06-12,Senegal,Canada,2,2,Friendly,False,Senegal
2013-06-16,Algeria,Egypt,1,3,Friendly,False,Algeria
2013-06-20,France,Costa Rica,5,0,FIFA World Cup,False,France
2013-06-24,Mexico,Cameroon,4,1,Friendly,False,Mexico
2013-06-28,Chile,Wales,1,0,Copa America,False,Chile
2013-07-02,Tunisia,Turkey,2,1,Friendly,False,Tunisia
2013-07-06,Scotland,Chile,1,2,Friendly,False,Scotland
2013-07-10,Australia,Japan,2,4,World Cup qualification,False,Australia
2013-07-14,Turkey,USA,0,3,FIFA World Cup,False,Turkey
2013-07-18,Saudi Arabia,Peru,2,1,Friendly,False,Saudi Arabia
2013-07-22,Scotland,South Korea,0,0,Friendly,False,Scotland
2013-07-26,Algeria,Costa Rica,1,0,Friendly,True,Neutral
2013-07-30,Qatar,Argentina,1,3,Friendly,False,Qatar
2013-08-03,Peru,Mexico,2,2,FIFA World Cup,False,Peru
2013-08-07,Turkey,Egypt,4,0,World Cup qualification,False,Turkey
2013-08-11,Argentina,Ghana,2,0,Friendly,True,Neutral
2013-08-15,Ghana,Spain,0,6,Friendly,True,Neutral
2013-08-19,Canada,Algeria,1,1,Friendly,False,Canada
2013-08-23,France,Costa Rica,2,1,Nations League,True,Neutral
2013-08-27,Italy,France,1,2,Copa America,False,Italy
2013-08-31,Wales,Germany,0,4,FIFA World Cup,True,Neutral
2013-09-03,Colombia,Brazil,2,7,FIFA World Cup,False,Colombia
2013-09-07,Canada,Ukraine,0,0,Friendly,False,Canada
2013-09-11,Germany,Denmark,2,0,World Cup qualification,False,Germany
2013-09-15,Serbia,Cameroon,1,0,Copa America,True,Neutral
2013-09-19,Saudi Arabia,Morocco,1,0,Friendly,True,Neutral
2013-09-23,Wales,Tunisia,1,2,World Cup qualification,True,Neutral
2013-09-27,Norway,Uruguay,1,1,FIFA World Cup,True,Neutral
2013-10-01,Brazil,Egypt,1,0,Friendly,False,Brazil
2013-10-05,Ivory Coast,Italy,1,1,World Cup qualification,False,Ivory Coast
2013-10-09,Netherlands,Senegal,1,0,Friendly,False,Netherlands
2013-10-13,Italy,Belgium,1,4,UEFA Euro,False,Italy
2013-10-17,Sweden,Argentina,0,1,Friendly,False,Sweden
2013-10-21,Portugal,Netherlands,0,1,Nations League,False,Portugal
2013-10-25,Iran,Croatia,1,0,FIFA World Cup,False,Iran
2013-10-29,Uruguay,Cameroon,1,2,World Cup qualification,False,Uruguay
2013-11-02,Switzerland,Italy,1,2,Friendly,False,Switzerland
2013-11-06,Portugal,Netherlands,1,2,Friendly,False,Portugal
2013-11-10,Argentina,Norway,1,1,World Cup qualification,True,Neutral
2013-11-14,Panama,Norway,1,1,Friendly,False,Panama
2013-11-18,Australia,France,0,1,World Cup qualification,False,Australia
2013-11-22,Peru,France,0,0,UEFA Euro,False,Peru
2013-11-26,Uruguay,Wales,2,2,Nations League,False,Uruguay
2013-11-30,Ivory Coast,Belgium,2,0,UEFA Euro,False,Ivory Coast
2013-12-04,Ecuador,Chile,3,1,Friendly,False,Ecuador
2013-12-07,Germany,Denmark,2,1,World Cup qualification,False,Germany
2013-12-11,Denmark,Ivory Coast,0,1,World Cup qualification,False,Denmark
2013-12-15,Qatar,South Korea,1,2,Friendly,False,Qatar
2013-12-19,England,Scotland,5,0,UEFA Euro,False,England
2013-12-23,Brazil,Scotland,3,1,Friendly,False,Brazil
2013-12-27,Egypt,Portugal,0,3,Copa America,False,Egypt
2013-12-31,Portugal,Netherlands,1,1,Nations League,True,Neutral
2014-01-04,Costa Rica,Cameroon,2,3,Friendly,False,Costa Rica
2014-01-08,Serbia,Denmark,1,0,Nations League,False,Serbia
2014-01-12,Mexico,Australia,3,1,FIFA World Cup,True,Neutral
2014-01-16,Morocco,Serbia,0,1,Friendly,False,Morocco
2014-01-20,Tunisia,Ivory Coast,2,1,Friendly,True,Neutral
2014-01-24,Costa Rica,Cameroon,2,0,Nations League,False,Costa Rica
2014-01-28,Brazil,Switzerland,2,0,Friendly,False,Brazil
2014-02-01,Croatia,South Korea,2,1,World Cup qualification,True,Neutral
2014-02-05,Uruguay B,Ghana,1,0,World Cup qualification,False,Uruguay B
2014-02-09,South Korea,Ghana,2,1,Friendly,False,South Korea
2014-02-13,Senegal,Ivory Coast,5,0,World Cup qualification,False,Senegal
2014-02-17,France,Ivory Coast,1,0,Friendly,True,Neutral
2014-02-21,Egypt,Brazil,0,1,Friendly,True,Neutral
2014-02-25,Ghana,Senegal,0,4,Friendly,False,Ghana
2014-03-01,Tunisia,Peru,3,0,Friendly,False,Tunisia
2014-03-05,Netherlands,Ukraine,6,1,Nations League,False,Netherlands
2014-03-09,Ivory Coast,Peru,1,1,Copa America,False,Ivory Coast
2014-03-12,South Korea,Iran,1,1,Friendly,False,South Korea
2014-03-16,Costa Rica,Colombia,2,4,World Cup qualification,True,Neutral
2014-03-20,Iran,Argentina,0,6,Friendly,True,Neutral
2014-03-24,Spain,Mexico,2,1,World Cup qualification,False,Spain
2014-03-28,Australia,Uruguay,1,3,World Cup qualification,False,Australia
2014-04-01,Ukraine,Australia,0,1,Friendly,True,Neutral
2014-04-05,Japan,Ivory Coast,3,1,Friendly,False,Japan
2014-04-09,Serbia,Egypt,2,1,World Cup qualification,False,Serbia
2014-04-13,Mexico,Egypt,2,1,Nations League,False,Mexico
2014-04-17,Turkey,Peru,2,1,World Cup qualification,False,Turkey
2014-04-21,Croatia,Serbia,0,1,FIFA World Cup,True,Neutral
2014-04-25,Egypt,Norway,1,1,World Cup qualification,True,Neutral
2014-04-29,Scotland,Tunisia,1,3,Friendly,False,Scotland
2014-05-03,Argentina,Morocco,1,0,Copa America,False,Argentina
2014-05-07,Portugal,Egypt,5,1,World Cup qualification,False,Portugal
2014-05-11,Ecuador,Uruguay B,4,1,Friendly,False,Ecuador
2014-05-15,Egypt,Poland,3,1,World Cup qualification,False,Egypt
2014-05-19,Japan,Costa Rica,5,3,Friendly,False,Japan
2014-05-23,Senegal,Ivory Coast,2,1,Friendly,False,Senegal
2014-05-27,Switzerland,Netherlands,0,2,World Cup qualification,False,Switzerland
2014-05-31,Ivory Coast,Nigeria,2,3,Friendly,False,Ivory Coast
2014-06-04,Algeria,Tunisia,0,2,World Cup qualification,True,Neutral
2014-06-08,Sweden,France,3,2,FIFA World Cup,False,Sweden
2014-06-12,Qatar,Panama,3,0,Nations League,False,Qatar
2014-06-16,Netherlands,Brazil,0,0,Nations League,False,Netherlands
2014-06-19,Chile,Turkey,0,2,World Cup qualification,False,Chile
2014-06-23,France,Germany,2,1,World Cup qualification,True,Neutral
2014-06-27,England,Egypt,5,1,World Cup qualification,True,Neutral
2014-07-01,Senegal,Mexico,2,1,Copa America,True,Neutral
2014-07-05,Algeria,England,1,2,Nations League,False,Algeria
2014-07-09,Italy,Wales,2,1,Friendly,False,Italy
2014-07-13,Tunisia,Panama,3,1,Copa America,False,Tunisia
2014-07-17,Argentina,Turkey,2,1,Friendly,True,Neutral
2014-07-21,Senegal,Poland,3,0,FIFA World Cup,True,Neutral
2014-07-25,Switzerland,Austria,0,2,Friendly,False,Switzerland
2014-07-29,Ivory Coast,Turkey,0,1,UEFA Euro,False,Ivory Coast
2014-08-02,Italy,Wales,2,1,World Cup qualification,True,Neutral
2014-08-06,USA,Sweden,2,1,World Cup qualification,False,USA
2014-08-10,Cameroon,Peru,2,1,Friendly,False,Cameroon
2014-08-14,Japan,Denmark,2,5,Friendly,False,Japan
2014-08-18,Ivory Coast,Portugal,3,1,Friendly,True,Neutral
2014-08-22,Costa Rica,Australia,1,1,UEFA Euro,False,Costa Rica
2014-08-26,USA,Poland,2,3,Friendly,False,USA
2014-08-30,Saudi Arabia,Qatar,1,1,UEFA Euro,False,Saudi Arabia
2014-09-03,Turkey,South Korea,2,2,Friendly,False,Turkey
2014-09-07,Wales,Algeria,3,3,Friendly,False,Wales
2014-09-11,Colombia,Australia,1,0,Copa America,False,Colombia
2014-09-15,Colombia,Belgium,0,2,World Cup qualification,False,Colombia
2014-09-19,USA,Japan,0,1,Friendly,False,USA
2014-09-22,Sweden,Portugal,2,2,FIFA World Cup,False,Sweden
2014-09-26,Tunisia,Ivory Coast,2,1,Friendly,False,Tunisia
2014-09-30,Switzerland,Tunisia,4,1,World Cup qualification,False,Switzerland
2014-10-04,Chile,Portugal,4,2,UEFA Euro,False,Chile
2014-10-08,Scotland,Croatia,0,1,Friendly,True,Neutral
2014-10-12,Ecuador,South Korea,1,0,Nations League,False,Ecuador
2014-10-16,Netherlands,Spain,2,0,Friendly,False,Netherlands
2014-10-20,Uruguay,Uruguay B,1,1,Friendly,True,Neutral
2014-10-24,Nigeria,Scotland,3,0,Friendly,True,Neutral
2014-10-28,Netherlands,Argentina,2,1,FIFA World Cup,False,Netherlands
2014-11-01,Wales,England,1,3,FIFA World Cup,False,Wales
2014-11-05,Serbia,Japan,2,2,Nations League,True,Neutral
2014-11-09,Iran,Mexico,0,2,World Cup qualification,True,Neutral
2014-11-13,Portugal,Egypt,2,0,FIFA World Cup,True,Neutral
2014-11-17,Brazil,Qatar,5,0,World Cup qualification,False,Brazil
2014-11-21,Ivory Coast,Nigeria,2,0,Friendly,False,Ivory Coast
2014-11-25,Spain,Sweden,2,1,World Cup qualification,True,Neutral
2014-11-29,Serbia,Saudi Arabia,1,0,Friendly,False,Serbia
2014-12-03,Costa Rica,Qatar,0,2,Friendly,False,Costa Rica
2014-12-07,Belgium,Argentina,1,1,Friendly,True,Neutral
2014-12-11,Netherlands,Argentina,0,1,Friendly,False,Netherlands
2014-12-15,Saudi Arabia,Ecuador,0,3,Friendly,True,Neutral
2014-12-19,Germany,Iran,3,1,Friendly,True,Neutral
2014-12-23,Algeria,Denmark,0,0,UEFA Euro,False,Algeria
2014-12-26,Italy,Turkey,0,1,Copa America,False,Italy
2014-12-30,Qatar,Morocco,0,0,Friendly,False,Qatar
2015-01-03,Japan,Denmark,1,2,World Cup qualification,True,Neutral
2015-01-07,South Korea,Poland,0,1,Copa America,False,South Korea
2015-01-11,Japan,Netherlands,1,2,UEFA Euro,True,Neutral
2015-01-15,Norway,Switzerland,0,0,World Cup qualification,True,Neutral
2015-01-19,Ecuador,Japan,2,3,Friendly,True,Neutral
2015-01-23,Australia,Japan,1,1,Friendly,False,Australia
2015-01-27,Croatia,Ukraine,0,0,UEFA Euro,True,Neutral
2015-01-31,Belgium,Uruguay B,1,1,UEFA Euro,False,Belgium
2015-02-04,Spain,Portugal,0,1,Friendly,False,Spain
2015-02-08,Peru,Spain,2,2,Friendly,False,Peru
2015-02-12,Ivory Coast,England,1,3,Friendly,True,Neutral
2015-02-16,Ecuador,Ukraine,0,1,Friendly,False,Ecuador
2015-02-20,Panama,Portugal,2,4,Friendly,True,Neutral
2015-02-24,Austria,Costa Rica,0,1,World Cup qualification,False,Austria
2015-02-28,Croatia,Sweden,0,0,UEFA Euro,False,Croatia
2015-03-04,Uruguay B,Ecuador,0,1,Friendly,False,Uruguay B
2015-03-08,Spain,Nigeria,3,1,UEFA Euro,False,Spain
2015-03-12,Switzerland,Ecuador,2,1,Friendly,False,Switzerland
2015-03-16,Senegal,Uruguay B,3,0,World Cup qualification,False,Senegal
2015-03-20,Saudi Arabia,Peru,0,0,World Cup qualification,False,Saudi Arabia
2015-03-24,Costa Rica,Algeria,1,3,Nations League,True,Neutral
2015-03-28,Norway,Wales,1,0,Friendly,False,Norway
2015-03-31,Senegal,Uruguay B,0,2,Friendly,False,Senegal
2015-04-04,USA,England,1,3,Friendly,False,USA
2015-04-08,Argentina,Mexico,2,1,Friendly,True,Neutral
2015-04-12,Norway,Colombia,1,1,Copa America,False,Norway
2015-04-16,Wales,Mexico,3,1,FIFA World Cup,False,Wales
2015-04-20,Switzerland,Wales,0,1,World Cup qualification,False,Switzerland
2015-04-24,Brazil,Poland,2,0,UEFA Euro,True,Neutral
2015-04-28,Denmark,Austria,1,0,Friendly,True,Neutral
2015-05-02,Denmark,Nigeria,2,1,Friendly,True,Neutral
2015-05-06,Qatar,Norway,0,0,World Cup qualification,False,Qatar
2015-05-10,Croatia,Italy,0,1,Friendly,True,Neutral
2015-05-14,Brazil,Tunisia,3,0,World Cup qualification,True,Neutral
2015-05-18,Morocco,Nigeria,0,1,Friendly,False,Morocco
2015-05-22,Switzerland,Belgium,4,1,Friendly,False,Switzerland
2015-05-26,Denmark,France,2,1,Nations League,False,Denmark
2015-05-30,Belgium,Wales,1,1,Friendly,False,Belgium
2015-06-03,Portugal,Japan,1,1,World Cup qualification,False,Portugal
2015-06-07,Denmark,Australia,3,0,Friendly,False,Denmark
2015-06-11,England,Australia,2,0,Friendly,True,Neutral
2015-06-15,Ghana,Wales,0,1,FIFA World Cup,False,Ghana
2015-06-19,Algeria,Norway,1,0,World Cup qualification,False,Algeria
2015-06-23,Australia,Tunisia,2,1,World Cup qualification,False,Australia
2015-06-27,Spain,Canada,2,2,Friendly,False,Spain
2015-07-01,Argentina,Costa Rica,2,1,Friendly,False,Argentina
2015-07-04,Mexico,Australia,3,2,World Cup qualification,False,Mexico
2015-07-08,Serbia,Denmark,3,1,Friendly,False,Serbia
2015-07-12,Japan,Qatar,0,2,Nations League,False,Japan
2015-07-16,Costa Rica,Spain,1,3,Friendly,True,Neutral
2015-07-20,Denmark,Mexico,3,0,UEFA Euro,False,Denmark
2015-07-24,Morocco,Mexico,0,1,Friendly,True,Neutral
2015-07-28,Uruguay,Scotland,0,1,World Cup qualification,True,Neutral
2015-08-01,Ecuador,Portugal,1,1,World Cup qualification,True,Neutral
2015-08-05,Costa Rica,Wales,1,2,FIFA World Cup,True,Neutral
2015-08-09,Netherlands,Germany,1,0,FIFA World Cup,True,Neutral
2015-08-13,Ukraine,Croatia,1,3,FIFA World Cup,False,Ukraine
2015-08-17,Tunisia,Uruguay,0,2,Nations League,False,Tunisia
2015-08-21,Italy,Poland,4,0,Friendly,False,Italy
2015-08-25,Denmark,USA,2,2,Friendly,False,Denmark
2015-08-29,Australia,Norway,0,1,Friendly,False,Australia
2015-09-02,Italy,France,1,0,Friendly,True,Neutral
2015-09-06,Ukraine,Japan,3,0,Friendly,False,Ukraine
2015-09-10,Costa Rica,Mexico,3,3,Friendly,True,Neutral
2015-09-14,Sweden,Serbia,1,1,Copa America,True,Neutral
2015-09-18,Switzerland,Colombia,3,0,Friendly,False,Switzerland
2015-09-22,Norway,France,0,2,Nations League,False,Norway
2015-09-26,Ivory Coast,Wales,1,1,Friendly,True,Neutral
2015-09-30,Portugal,Serbia,2,0,Friendly,False,Portugal
2015-10-04,Netherlands,Argentina,0,2,Nations League,True,Neutral
2015-10-07,Turkey,Ghana,1,0,Friendly,False,Turkey
2015-10-11,Switzerland,Morocco,1,2,World Cup qualification,True,Neutral
2015-10-15,Turkey,Germany,1,1,Copa America,False,Turkey
2015-10-19,USA,Wales,2,2,Friendly,False,USA
2015-10-23,Uruguay,Chile,1,3,Friendly,False,Uruguay
2015-10-27,Ukraine,Costa Rica,1,0,Friendly,False,Ukraine
2015-10-31,Ecuador,Norway,0,0,Nations League,False,Ecuador
2015-11-04,Morocco,Belgium,1,0,Copa America,True,Neutral
2015-11-08,Norway,Ghana,2,0,UEFA Euro,False,Norway
2015-11-12,Spain,Argentina,2,1,Friendly,False,Spain
2015-11-16,Ecuador,Mexico,0,3,Friendly,False,Ecuador
2015-11-20,Japan,Mexico,1,0,Friendly,False,Japan
2015-11-24,Spain,Brazil,0,1,UEFA Euro,False,Spain
2015-11-28,Japan,Iran,1,0,World Cup qualification,True,Neutral
2015-12-02,Sweden,Spain,0,4,Friendly,True,Neutral
2015-12-06,Norway,Ukraine,2,1,Nations League,True,Neutral
2015-12-10,Turkey,Croatia,2,0,Friendly,False,Turkey
2015-12-14,Portugal,Ukraine,4,1,FIFA World Cup,False,Portugal
2015-12-18,Italy,Iran,0,1,Nations League,False,Italy
2015-12-22,Panama,Austria,3,3,Copa America,False,Panama
2015-12-26,Serbia,Qatar,6,0,Copa America,False,Serbia
2015-12-30,Italy,Qatar,3,2,FIFA World Cup,False,Italy
2016-01-03,Switzerland,Croatia,3,3,World Cup qualification,False,Switzerland
2016-01-07,Colombia,Spain,1,1,Copa America,False,Colombia
2016-01-11,Egypt,Germany,0,0,World Cup qualification,False,Egypt
2016-01-14,Tunisia,Chile,0,3,World Cup qualification,True,Neutral
2016-01-18,Ukraine,USA,1,3,Friendly,True,Neutral
2016-01-22,Norway,Qatar,1,0,Friendly,False,Norway
2016-01-26,Turkey,Denmark,0,1,Friendly,True,Neutral
2016-01-30,Japan,Australia,2,0,World Cup qualification,False,Japan
2016-02-03,Serbia,Chile,2,0,Friendly,False,Serbia
2016-02-07,Cameroon,Netherlands,0,0,FIFA World Cup,False,Cameroon
2016-02-11,Iran,Argentina,1,3,Friendly,False,Iran
2016-02-15,Australia,Qatar,3,1,Friendly,False,Australia
2016-02-19,Qatar,Belgium,0,2,Friendly,False,Qatar
2016-02-23,Denmark,Canada,0,1,Copa America,False,Denmark
2016-02-27,Spain,Panama,3,1,Copa America,True,Neutral
2016-03-02,Ukraine,Uruguay B,2,0,Copa America,True,Neutral
2016-03-06,Serbia,Scotland,1,0,Friendly,False,Serbia
2016-03-10,Portugal,Germany,0,1,Friendly,False,Portugal
2016-03-14,Italy,Chile,2,1,World Cup qualification,True,Neutral
2016-03-18,Nigeria,Wales,1,2,World Cup qualification,False,Nigeria
2016-03-22,Senegal,Costa Rica,4,0,Friendly,True,Neutral
2016-03-26,Chile,Tunisia,4,1,World Cup qualification,False,Chile
2016-03-30,Belgium,South Korea,1,2,World Cup qualification,True,Neutral
2016-04-03,Qatar,Egypt,0,1,Friendly,False,Qatar
2016-04-07,Netherlands,Iran,4,0,Friendly,False,Netherlands
2016-04-11,Egypt,Cameroon,2,1,Copa America,True,Neutral
2016-04-15,Belgium,Denmark,4,4,Nations League,False,Belgium
2016-04-18,Morocco,Panama,4,0,Friendly,False,Morocco
2016-04-22,Australia,Chile,0,0,World Cup qualification,False,Australia
2016-04-26,Switzerland,Spain,1,3,Nations League,True,Neutral
2016-04-30,Canada,Tunisia,2,2,Friendly,False,Canada
2016-05-04,Panama,Scotland,2,2,World Cup qualification,False,Panama
2016-05-08,Tunisia,Turkey,0,0,Friendly,False,Tunisia
2016-05-12,South Korea,Wales,1,0,Friendly,True,Neutral
2016-05-16,Belgium,Costa Rica,1,1,World Cup qualification,True,Neutral
2016-05-20,Turkey,Tunisia,0,0,Nations League,False,Turkey
2016-05-24,Netherlands,Croatia,4,1,Copa America,True,Neutral
2016-05-28,Denmark,Tunisia,1,2,Friendly,False,Denmark
2016-06-01,Saudi Arabia,Wales,0,1,Nations League,False,Saudi Arabia
2016-06-05,Denmark,Iran,3,1,World Cup qualification,True,Neutral
2016-06-09,England,Spain,5,1,Friendly,False,England
2016-06-13,Belgium,Morocco,3,0,Friendly,False,Belgium
2016-06-17,Cameroon,Italy,1,4,UEFA Euro,False,Cameroon
2016-06-21,Uruguay B,Qatar,1,0,Friendly,True,Neutral
2016-06-25,Algeria,Egypt,1,2,Copa America,False,Algeria
2016-06-29,Iran,Norway,1,3,World Cup qualification,True,Neutral
2016-07-03,Ghana,Sweden,1,2,UEFA Euro,False,Ghana
2016-07-07,Germany,Ecuador,0,0,Copa America,True,Neutral
2016-07-11,Belgium,France,0,1,UEFA Euro,False,Belgium
2016-07-15,Colombia,Canada,2,1,UEFA Euro,False,Colombia
2016-07-19,Canada,Saudi Arabia,2,2,Friendly,False,Canada
2016-07-22,Egypt,Uruguay,4,3,Friendly,False,Egypt
2016-07-26,Serbia,Ivory Coast,3,1,World Cup qualification,False,Serbia
2016-07-30,Sweden,Switzerland,0,2,World Cup qualification,False,Sweden
2016-08-03,Nigeria,Brazil,0,4,Friendly,False,Nigeria
2016-08-07,Serbia,Austria,1,1,World Cup qualification,True,Neutral
2016-08-11,Serbia,Austria,0,1,World Cup qualification,False,Serbia
2016-08-15,Portugal,Sweden,3,2,Friendly,True,Neutral
2016-08-19,Turkey,Netherlands,3,1,Friendly,False,Turkey
2016-08-23,Peru,Costa Rica,2,4,Friendly,True,Neutral
2016-08-27,Scotland,Uruguay B,1,1,Friendly,True,Neutral
2016-08-31,Panama,Argentina,0,2,World Cup qualification,False,Panama
2016-09-04,Serbia,Turkey,1,0,Friendly,False,Serbia
2016-09-08,South Korea,Canada,0,0,World Cup qualification,False,South Korea
2016-09-12,USA,South Korea,1,3,World Cup qualification,True,Neutral
2016-09-16,Canada,Cameroon,3,2,World Cup qualification,False,Canada
2016-09-20,Canada,Croatia,1,2,Friendly,False,Canada
2016-09-24,Belgium,Senegal,1,0,Friendly,True,Neutral
2016-09-28,Japan,Tunisia,2,0,Friendly,False,Japan
2016-10-02,Panama,Algeria,0,3,Friendly,True,Neutral
2016-10-06,Saudi Arabia,Switzerland,0,1,Friendly,True,Neutral
2016-10-10,Argentina,Norway,4,0,Friendly,False,Argentina
2016-10-14,Uruguay,Belgium,3,0,Friendly,False,Uruguay
2016-10-18,France,Egypt,4,1,Friendly,True,Neutral
2016-10-22,Croatia,Uruguay,0,0,Nations League,False,Croatia
2016-10-25,Croatia,Japan,0,1,World Cup qualification,False,Croatia
2016-10-29,Italy,Panama,0,0,World Cup qualification,True,Neutral
2016-11-02,Denmark,Australia,2,0,Nations League,False,Denmark
2016-11-06,Turkey,Uruguay,1,0,World Cup qualification,False,Turkey
2016-11-10,Belgium,Australia,1,0,Friendly,False,Belgium
2016-11-14,Scotland,Japan,0,3,World Cup qualification,False,Scotland
2016-11-18,Portugal,Tunisia,5,2,World Cup qualification,True,Neutral
2016-11-22,Costa Rica,Ecuador,1,3,Nations League,False,Costa Rica
2016-11-26,Portugal,Ghana,4,0,Friendly,True,Neutral
2016-11-30,Algeria,Serbia,2,0,Friendly,True,Neutral
2016-12-04,Algeria,Serbia,0,2,Friendly,False,Algeria
2016-12-08,Argentina,Nigeria,7,1,World Cup qualification,False,Argentina
2016-12-12,Serbia,Belgium,1,3,Friendly,False,Serbia
2016-12-16,Senegal,Cameroon,5,1,Nations League,False,Senegal
2016-12-20,Turkey,Algeria,2,0,Friendly,False,Turkey
2016-12-24,Belgium,Panama,3,1,World Cup qualification,False,Belgium
2016-12-28,Austria,Costa Rica,1,0,Friendly,False,Austria
2017-01-01,Austria,Nigeria,3,1,Friendly,False,Austria
2017-01-05,Chile,Brazil,1,2,Friendly,True,Neutral
2017-01-09,Austria,Belgium,2,1,UEFA Euro,True,Neutral
2017-01-13,Sweden,Norway,0,0,Copa America,True,Neutral
2017-01-17,Cameroon,Japan,2,1,FIFA World Cup,False,Cameroon
2017-01-21,Argentina,Brazil,2,1,Friendly,True,Neutral
2017-01-25,USA,Scotland,3,0,Friendly,False,USA
2017-01-28,Uruguay B,Ghana,1,3,Friendly,False,Uruguay B
2017-02-01,Uruguay B,USA,0,1,World Cup qualification,False,Uruguay B
2017-02-05,Ecuador,Peru,1,1,FIFA World Cup,False,Ecuador
2017-02-09,USA,Cameroon,5,1,World Cup qualification,False,USA
2017-02-13,France,Canada,4,1,Copa America,False,France
2017-02-17,Serbia,Canada,2,0,Nations League,False,Serbia
2017-02-21,Peru,Germany,3,2,Friendly,False,Peru
2017-02-25,Australia,Colombia,0,2,UEFA Euro,False,Australia
2017-03-01,Belgium,Canada,6,1,World Cup qualification,False,Belgium
2017-03-05,Iran,Egypt,0,2,Friendly,True,Neutral
2017-03-09,USA,Algeria,0,0,Friendly,False,USA
2017-03-13,Switzerland,Mexico,2,2,Friendly,True,Neutral
2017-03-17,Denmark,Senegal,4,0,World Cup qualification,False,Denmark
2017-03-21,Scotland,Iran,0,3,Friendly,True,Neutral
2017-03-25,Sweden,Denmark,0,1,UEFA Euro,True,Neutral
2017-03-29,Peru,USA,0,2,Friendly,False,Peru
2017-04-02,Colombia,Austria,1,1,Friendly,False,Colombia
2017-04-06,Italy,Serbia,2,0,World Cup qualification,True,Neutral
2017-04-10,Wales,Algeria,0,1,World Cup qualification,True,Neutral
2017-04-14,Morocco,Mexico,0,1,World Cup qualification,False,Morocco
2017-04-18,Switzerland,England,0,0,Friendly,False,Switzerland
2017-04-22,Peru,Iran,0,0,World Cup qualification,False,Peru
2017-04-26,Ivory Coast,USA,1,1,Nations League,True,Neutral
2017-04-30,Croatia,Senegal,2,1,Friendly,True,Neutral
2017-05-03,Algeria,Portugal,1,2,Friendly,False,Algeria
2017-05-07,Mexico,USA,1,0,UEFA Euro,True,Neutral
2017-05-11,Egypt,Italy,1,0,Friendly,False,Egypt
2017-05-15,France,Uruguay B,1,1,Friendly,True,Neutral
2017-05-19,Croatia,Uruguay B,2,0,World Cup qualification,False,Croatia
2017-05-23,Senegal,Argentina,1,2,UEFA Euro,True,Neutral
2017-05-27,Morocco,Saudi Arabia,4,2,Friendly,False,Morocco
2017-05-31,Mexico,Sweden,3,2,FIFA World Cup,False,Mexico
2017-06-04,Poland,Ecuador,0,4,Friendly,False,Poland
2017-06-08,Saudi Arabia,Morocco,3,6,Friendly,False,Saudi Arabia
2017-06-12,Australia,Poland,0,1,World Cup qualification,False,Australia
2017-06-16,Ecuador,Turkey,3,2,Nations League,True,Neutral
2017-06-20,Ghana,Japan,2,0,Friendly,False,Ghana
2017-06-24,Wales,Colombia,2,0,Nations League,False,Wales
2017-06-28,Canada,Tunisia,0,2,Friendly,False,Canada
2017-07-02,Portugal,Uruguay B,2,1,Friendly,True,Neutral
2017-07-06,Tunisia,Switzerland,1,3,FIFA World Cup,True,Neutral
2017-07-10,Uruguay B,Ecuador,1,1,World Cup qualification,True,Neutral
2017-07-14,Norway,Canada,0,0,World Cup qualification,False,Norway
2017-07-18,Morocco,Ghana,2,0,Copa America,False,Morocco
2017-07-22,Sweden,Chile,2,1,Friendly,False,Sweden
2017-07-26,Spain,Scotland,3,2,World Cup qualification,True,Neutral
2017-07-30,Peru,Mexico,1,3,World Cup qualification,False,Peru
2017-08-03,Chile,Austria,0,3,UEFA Euro,True,Neutral
2017-08-07,Sweden,Canada,2,0,Friendly,False,Sweden
2017-08-10,Ghana,Croatia,2,1,Friendly,False,Ghana
2017-08-14,Portugal,Turkey,1,0,World Cup qualification,False,Portugal
2017-08-18,Saudi Arabia,Belgium,2,2,FIFA World Cup,False,Saudi Arabia
2017-08-22,Nigeria,Tunisia,0,2,Friendly,True,Neutral
2017-08-26,Ukraine,Egypt,3,0,Friendly,False,Ukraine
2017-08-30,Germany,Ghana,3,0,Friendly,False,Germany
2017-09-03,Algeria,Australia,3,2,FIFA World Cup,False,Algeria
2017-09-07,South Korea,USA,1,1,Copa America,False,South Korea
2017-09-11,Italy,Saudi Arabia,1,1,World Cup qualification,True,Neutral
2017-09-15,Germany,Netherlands,0,2,UEFA Euro,False,Germany
2017-09-19,Egypt,Uruguay B,0,1,Friendly,True,Neutral
2017-09-23,Poland,Spain,1,2,World Cup qualification,True,Neutral
2017-09-27,Netherlands,Saudi Arabia,3,0,FIFA World Cup,True,Neutral
2017-10-01,Ivory Coast,Germany,0,5,Friendly,True,Neutral
2017-10-05,Peru,Spain,0,1,World Cup qualification,False,Peru
2017-10-09,France,Scotland,4,2,Friendly,False,France
2017-10-13,England,Brazil,0,0,Friendly,True,Neutral
2017-10-17,Senegal,Panama,3,1,Friendly,False,Senegal
2017-10-21,Serbia,Egypt,2,2,World Cup qualification,False,Serbia
2017-10-25,Iran,Egypt,1,0,Friendly,False,Iran
2017-10-29,Switzerland,Saudi Arabia,1,0,Copa America,False,Switzerland
2017-11-02,Canada,Iran,0,3,Friendly,True,Neutral
2017-11-06,Egypt,Portugal,3,2,Friendly,True,Neutral
2017-11-10,Wales,Ivory Coast,2,1,Friendly,True,Neutral
2017-11-13,Scotland,Uruguay,4,1,World Cup qualification,False,Scotland
2017-11-17,Ecuador,Norway,4,4,World Cup qualification,False,Ecuador
2017-11-21,Tunisia,Morocco,5,1,World Cup qualification,False,Tunisia
2017-11-25,Saudi Arabia,Switzerland,2,2,UEFA Euro,False,Saudi Arabia
2017-11-29,South Korea,Uruguay,0,1,World Cup qualification,True,Neutral
2017-12-03,Argentina,Cameroon,3,1,Friendly,False,Argentina
2017-12-07,Ecuador,Saudi Arabia,2,0,Nations League,True,Neutral
2017-12-11,Ecuador,Iran,3,1,Friendly,False,Ecuador
2017-12-15,Argentina,Ivory Coast,2,0,Nations League,False,Argentina
2017-12-19,Canada,Ukraine,1,1,World Cup qualification,True,Neutral
2017-12-23,Italy,Algeria,2,0,Friendly,True,Neutral
2017-12-27,Croatia,Uruguay B,4,0,Friendly,False,Croatia
2017-12-31,Costa Rica,Egypt,0,3,Friendly,False,Costa Rica
2018-01-04,Switzerland,Algeria,2,1,Friendly,True,Neutral
2018-01-08,Nigeria,Denmark,1,2,Friendly,False,Nigeria
2018-01-12,Morocco,Scotland,1,0,World Cup qualification,False,Morocco
2018-01-16,Egypt,Ghana,0,2,Friendly,False,Egypt
2018-01-20,USA,Canada,4,2,World Cup qualification,False,USA
2018-01-24,Iran,Australia,0,2,Friendly,False,Iran
2018-01-28,Poland,Belgium,0,1,Copa America,True,Neutral
2018-02-01,Argentina,Colombia,3,1,Friendly,True,Neutral
2018-02-05,Cameroon,France,0,4,World Cup qualification,True,Neutral
2018-02-09,France,Ecuador,4,1,Friendly,False,France
2018-02-13,Canada,Turkey,1,2,FIFA World Cup,False,Canada
2018-02-16,Iran,Canada,2,1,Copa America,True,Neutral
2018-02-20,South Korea,Brazil,0,2,Friendly,False,South Korea
2018-02-24,Argentina,Senegal,2,0,Friendly,True,Neutral
2018-02-28,Netherlands,France,1,2,Friendly,False,Netherlands
2018-03-04,Belgium,Panama,1,0,Friendly,True,Neutral
2018-03-08,Canada,Poland,1,2,FIFA World Cup,True,Neutral
2018-03-12,Croatia,Italy,1,2,Friendly,False,Croatia
2018-03-16,Ecuador,Cameroon,4,0,World Cup qualification,False,Ecuador
2018-03-20,Portugal,Morocco,2,2,World Cup qualification,True,Neutral
2018-03-24,Italy,Morocco,2,1,World Cup qualification,False,Italy
2018-03-28,Poland,Algeria,2,2,Nations League,False,Poland
2018-04-01,Algeria,South Korea,0,2,Friendly,True,Neutral
2018-04-05,England,Netherlands,1,2,Friendly,False,England
2018-04-09,France,Australia,2,0,Nations League,False,France
2018-04-13,Wales,Germany,2,2,Friendly,True,Neutral
2018-04-17,Ecuador,Brazil,0,3,World Cup qualification,False,Ecuador
2018-04-21,Egypt,Senegal,1,3,Friendly,False,Egypt
2018-04-25,Wales,Sweden,4,0,Friendly,True,Neutral
2018-04-29,Argentina,Panama,5,2,Nations League,True,Neutral
2018-05-03,Tunisia,Egypt,0,1,UEFA Euro,True,Neutral
2018-05-07,Netherlands,England,2,0,Friendly,True,Neutral
2018-05-11,Mexico,Ecuador,2,0,Friendly,False,Mexico
2018-05-15,Algeria,Panama,2,1,Friendly,False,Algeria
2018-05-19,Wales,Cameroon,3,2,Nations League,False,Wales
2018-05-22,Qatar,Wales,0,1,World Cup qualification,False,Qatar
2018-05-26,Morocco,Senegal,3,1,Nations League,False,Morocco
2018-05-30,Denmark,Wales,0,1,FIFA World Cup,False,Denmark
2018-06-03,Italy,France,2,0,Copa America,False,Italy
2018-06-07,South Korea,Scotland,2,1,World Cup qualification,False,South Korea
2018-06-11,Mexico,Japan,1,3,World Cup qualification,False,Mexico
2018-06-15,Switzerland,Australia,2,0,World Cup qualification,False,Switzerland
2018-06-19,Iran,Japan,4,2,UEFA Euro,True,Neutral
2018-06-23,Austria,Denmark,0,1,World Cup qualification,False,Austria
2018-06-27,Germany,Mexico,0,1,World Cup qualification,False,Germany
2018-07-01,Egypt,Colombia,0,5,UEFA Euro,False,Egypt
2018-07-05,USA,Nigeria,3,4,Friendly,False,USA
2018-07-09,Argentina,Chile,3,0,World Cup qualification,False,Argentina
2018-07-13,Iran,Chile,1,1,UEFA Euro,True,Neutral
2018-07-17,England,USA,5,0,Friendly,True,Neutral
2018-07-21,Ecuador,Ivory Coast,2,3,UEFA Euro,True,Neutral
2018-07-25,Scotland,Austria,2,3,Friendly,False,Scotland
2018-07-29,France,Croatia,3,1,Copa America,False,France
2018-08-02,Wales,Norway,0,2,Nations League,True,Neutral
2018-08-06,Sweden,Tunisia,4,1,Nations League,False,Sweden
2018-08-10,Morocco,France,1,4,World Cup qualification,True,Neutral
2018-08-14,Morocco,Chile,1,2,Nations League,False,Morocco
2018-08-18,Germany,Uruguay,4,1,World Cup qualification,False,Germany
2018-08-22,Australia,England,0,4,Copa America,False,Australia
2018-08-25,Denmark,Serbia,4,1,Friendly,False,Denmark
2018-08-29,Iran,Norway,0,2,FIFA World Cup,False,Iran
2018-09-02,Poland,Italy,1,6,Copa America,True,Neutral
2018-09-06,Belgium,Costa Rica,3,0,World Cup qualification,False,Belgium
2018-09-10,Spain,Belgium,1,0,World Cup qualification,False,Spain
2018-09-14,Uruguay,South Korea,0,1,Nations League,True,Neutral
2018-09-18,Poland,Italy,1,2,Friendly,False,Poland
2018-09-22,Cameroon,Uruguay B,2,2,Friendly,False,Cameroon
2018-09-26,Panama,Egypt,0,2,World Cup qualification,False,Panama
2018-09-30,Mexico,Wales,2,1,UEFA Euro,False,Mexico
2018-10-04,England,Uruguay,3,2,Copa America,True,Neutral
2018-10-08,Wales,USA,2,0,World Cup qualification,False,Wales
2018-10-12,Serbia,Poland,0,1,Copa America,False,Serbia
2018-10-16,Belgium,Ivory Coast,3,0,World Cup qualification,False,Belgium
2018-10-20,Germany,Morocco,3,0,World Cup qualification,True,Neutral
2018-10-24,Panama,Egypt,1,2,UEFA Euro,False,Panama
2018-10-28,Serbia,Uruguay B,2,4,Nations League,False,Serbia
2018-11-01,Panama,France,1,2,World Cup qualification,True,Neutral
2018-11-05,Serbia,Australia,5,1,Friendly,False,Serbia
2018-11-09,Mexico,Netherlands,2,0,Friendly,False,Mexico
2018-11-13,Tunisia,Senegal,0,0,World Cup qualification,False,Tunisia
2018-11-17,England,Sweden,2,3,Friendly,True,Neutral
2018-11-21,Japan,Scotland,1,1,Friendly,False,Japan
2018-11-25,Serbia,Uruguay,2,2,World Cup qualification,False,Serbia
2018-11-29,Ecuador,Costa Rica,1,0,Friendly,False,Ecuador
2018-12-02,Costa Rica,Turkey,1,0,Friendly,False,Costa Rica
2018-12-06,Morocco,Mexico,1,3,Friendly,True,Neutral
2018-12-10,Canada,Italy,3,2,UEFA Euro,False,Canada
2018-12-14,Chile,Sweden,1,0,Friendly,True,Neutral
2018-12-18,Ukraine,Turkey,1,0,Friendly,False,Ukraine
2018-12-22,Poland,Netherlands,0,1,World Cup qualification,False,Poland
2018-12-26,Switzerland,Cameroon,2,1,Friendly,False,Switzerland
2018-12-30,Poland,South Korea,1,2,Copa America,False,Poland
2019-01-03,Netherlands,Ivory Coast,1,1,World Cup qualification,True,Neutral
2019-01-07,Ivory Coast,Switzerland,0,4,Nations League,False,Ivory Coast
2019-01-11,Serbia,Algeria,3,2,Friendly,False,Serbia
2019-01-15,Croatia,Turkey,1,0,FIFA World Cup,True,Neutral
2019-01-19,Iran,Germany,0,1,Friendly,True,Neutral
2019-01-23,Brazil,Colombia,2,2,UEFA Euro,False,Brazil
2019-01-27,Tunisia,Iran,2,0,Friendly,False,Tunisia
2019-01-31,Tunisia,Denmark,3,4,Copa America,False,Tunisia
2019-02-04,Mexico,Ghana,3,1,UEFA Euro,True,Neutral
2019-02-08,Turkey,Portugal,1,2,UEFA Euro,False,Turkey
2019-02-12,Netherlands,Spain,1,2,UEFA Euro,False,Netherlands
2019-02-16,Ukraine,Nigeria,1,1,Friendly,True,Neutral
2019-02-20,Canada,Ecuador,1,1,Nations League,True,Neutral
2019-02-24,Italy,Denmark,2,0,Friendly,False,Italy
2019-02-28,Costa Rica,Poland,2,2,Friendly,False,Costa Rica
2019-03-04,Serbia,Mexico,3,1,Friendly,False,Serbia
2019-03-07,Spain,Algeria,3,2,Copa America,False,Spain
2019-03-11,Brazil,Canada,1,2,Friendly,True,Neutral
2019-03-15,Uruguay B,Mexico,2,1,World Cup qualification,False,Uruguay B
2019-03-19,Iran,Serbia,0,0,Friendly,False,Iran
2019-03-23,South Korea,Uruguay B,1,2,Copa America,False,South Korea
2019-03-27,Poland,France,1,4,World Cup qualification,False,Poland
2019-03-31,Nigeria,Netherlands,1,0,Friendly,True,Neutral
2019-04-04,Brazil,Scotland,6,2,Friendly,False,Brazil
2019-04-08,Sweden,Ghana,3,1,Friendly,False,Sweden
2019-04-12,USA,Iran,0,2,Nations League,True,Neutral
2019-04-16,Spain,Serbia,4,0,Friendly,False,Spain
2019-04-20,Norway,Scotland,0,2,Friendly,True,Neutral
2019-04-24,Mexico,Nigeria,0,1,UEFA Euro,True,Neutral
2019-04-28,France,Brazil,2,1,Friendly,False,France
2019-05-02,Argentina,Canada,2,1,Friendly,True,Neutral
2019-05-06,Costa Rica,South Korea,0,2,Copa America,False,Costa Rica
2019-05-10,Uruguay,Germany,1,1,World Cup qualification,True,Neutral
2019-05-14,Scotland,Turkey,2,0,Friendly,False,Scotland
2019-05-18,Norway,Panama,2,0,World Cup qualification,False,Norway
2019-05-22,Nigeria,Morocco,0,1,FIFA World Cup,True,Neutral
2019-05-26,Ecuador,Netherlands,2,1,Friendly,False,Ecuador
2019-05-30,Wales,Morocco,2,1,Friendly,True,Neutral
2019-06-03,Uruguay,Uruguay B,0,2,World Cup qualification,False,Uruguay
2019-06-07,Italy,Qatar,4,1,Nations League,False,Italy
2019-06-10,Spain,Costa Rica,5,1,FIFA World Cup,False,Spain
2019-06-14,France,Costa Rica,2,2,Friendly,False,France
2019-06-18,Denmark,South Korea,3,1,Friendly,False,Denmark
2019-06-22,Mexico,Morocco,1,1,Friendly,True,Neutral
2019-06-26,South Korea,England,0,1,Friendly,False,South Korea
2019-06-30,Argentina,Saudi Arabia,1,0,World Cup qualification,False,Argentina
2019-07-04,Ivory Coast,Scotland,2,0,World Cup qualification,False,Ivory Coast
2019-07-08,Nigeria,Ukraine,0,5,World Cup qualification,True,Neutral
2019-07-12,Senegal,Iran,0,1,FIFA World Cup,False,Senegal
2019-07-16,Cameroon,Croatia,0,2,Friendly,False,Cameroon
2019-07-20,Cameroon,Ivory Coast,1,2,UEFA Euro,True,Neutral
2019-07-24,Qatar,Serbia,1,1,FIFA World Cup,False,Qatar
2019-07-28,South Korea,Netherlands,1,1,Nations League,True,Neutral
2019-08-01,Turkey,Poland,1,1,Friendly,True,Neutral
2019-08-05,Cameroon,Saudi Arabia,0,0,Nations League,False,Cameroon
2019-08-09,Ukraine,Spain,2,2,Friendly,False,Ukraine
2019-08-13,Morocco,Portugal,0,4,World Cup qualification,False,Morocco
2019-08-17,Argentina,Costa Rica,1,1,Friendly,False,Argentina
2019-08-21,Mexico,Senegal,2,0,World Cup qualification,True,Neutral
2019-08-25,Brazil,Qatar,4,0,Friendly,False,Brazil
2019-08-29,Cameroon,Portugal,1,3,World Cup qualification,False,Cameroon
2019-09-02,Canada,Brazil,1,2,Nations League,False,Canada
2019-09-06,Ecuador,Belgium,1,2,UEFA Euro,False,Ecuador
2019-09-10,Portugal,Mexico,4,0,World Cup qualification,False,Portugal
2019-09-13,Austria,Spain,1,2,World Cup qualification,False,Austria
2019-09-17,Ghana,Iran,0,4,Friendly,True,Neutral
2019-09-21,Mexico,USA,2,0,World Cup qualification,False,Mexico
2019-09-25,USA,Iran,3,1,Friendly,False,USA
2019-09-29,Morocco,Tunisia,3,1,Friendly,True,Neutral
2019-10-03,Iran,Japan,1,2,Friendly,False,Iran
2019-10-07,Germany,USA,3,0,Friendly,True,Neutral
2019-10-11,Netherlands,Poland,1,2,World Cup qualification,False,Netherlands
2019-10-15,Senegal,Spain,0,4,FIFA World Cup,True,Neutral
2019-10-19,Cameroon,Brazil,1,3,Friendly,False,Cameroon
2019-10-23,Mexico,Croatia,1,3,World Cup qualification,False,Mexico
2019-10-27,Saudi Arabia,Netherlands,0,2,Friendly,False,Saudi Arabia
2019-10-31,Wales,Italy,1,1,UEFA Euro,False,Wales
2019-11-04,Scotland,Chile,1,0,Friendly,True,Neutral
2019-11-08,Switzerland,Serbia,2,1,Friendly,True,Neutral
2019-11-12,Portugal,Serbia,1,0,UEFA Euro,False,Portugal
2019-11-16,France,Portugal,2,1,Friendly,False,France
2019-11-20,Iran,Cameroon,1,0,UEFA Euro,False,Iran
2019-11-24,Peru,Egypt,2,2,Friendly,False,Peru
2019-11-28,Argentina,France,0,1,Nations League,True,Neutral
2019-12-02,Peru,Switzerland,1,0,World Cup qualification,False,Peru
2019-12-06,Qatar,Croatia,2,4,Friendly,False,Qatar
2019-12-10,Uruguay,Switzerland,1,2,Copa America,False,Uruguay
2019-12-14,Germany,Belgium,6,0,UEFA Euro,True,Neutral
2019-12-17,Italy,Belgium,1,1,World Cup qualification,False,Italy
2019-12-21,Canada,Ukraine,0,1,Friendly,True,Neutral
2019-12-25,Nigeria,Ukraine,2,0,World Cup qualification,True,Neutral
2019-12-29,Canada,Wales,1,1,World Cup qualification,False,Canada
2020-01-02,England,Mexico,1,1,Friendly,True,Neutral
2020-01-06,Qatar,Denmark,1,1,World Cup qualification,False,Qatar
2020-01-10,Scotland,Turkey,1,2,Friendly,False,Scotland
2020-01-14,Australia,France,0,0,Friendly,False,Australia
2020-01-18,Scotland,Germany,2,3,World Cup qualification,False,Scotland
2020-01-22,Germany,Cameroon,4,0,Friendly,False,Germany
2020-01-26,South Korea,Peru,1,1,Friendly,True,Neutral
2020-01-30,USA,Cameroon,1,2,Friendly,False,USA
2020-02-03,Ecuador,Germany,0,0,Nations League,True,Neutral
2020-02-07,Canada,Uruguay,0,3,FIFA World Cup,False,Canada
2020-02-11,Tunisia,Argentina,0,6,Copa America,False,Tunisia
2020-02-15,Senegal,Brazil,0,3,Friendly,False,Senegal
2020-02-19,Wales,Spain,0,5,World Cup qualification,True,Neutral
2020-02-23,USA,Mexico,0,1,Nations League,False,USA
2020-02-27,South Korea,Argentina,0,7,Friendly,True,Neutral
2020-03-02,Switzerland,Germany,1,0,Friendly,True,Neutral
2020-03-06,USA,Spain,1,2,FIFA World Cup,False,USA
2020-03-10,Qatar,Tunisia,1,2,World Cup qualification,False,Qatar
2020-03-14,Panama,Poland,4,0,Friendly,False,Panama
2020-03-18,Saudi Arabia,Sweden,2,1,World Cup qualification,False,Saudi Arabia
2020-03-21,Iran,Japan,1,1,World Cup qualification,True,Neutral
2020-03-25,Ecuador,Turkey,3,0,Friendly,False,Ecuador
2020-03-29,Saudi Arabia,Ecuador,4,2,World Cup qualification,True,Neutral
2020-04-02,Argentina,Saudi Arabia,6,0,World Cup qualification,True,Neutral
2020-04-06,Netherlands,Tunisia,4,0,Nations League,False,Netherlands
2020-04-10,Peru,Panama,0,1,World Cup qualification,False,Peru
2020-04-14,Ivory Coast,Nigeria,2,2,World Cup qualification,True,Neutral
2020-04-18,Denmark,Germany,2,0,World Cup qualification,True,Neutral
2020-04-22,Serbia,Peru,1,3,Friendly,True,Neutral
2020-04-26,France,Germany,3,0,Friendly,False,France
2020-04-30,Ecuador,Colombia,2,3,Copa America,True,Neutral
2020-05-04,Brazil,Wales,6,0,Nations League,False,Brazil
2020-05-08,Ukraine,Portugal,2,4,Friendly,False,Ukraine
2020-05-12,Mexico,Spain,0,1,Friendly,False,Mexico
2020-05-16,Croatia,Mexico,1,1,Friendly,True,Neutral
2020-05-20,Colombia,Uruguay,1,1,Nations League,False,Colombia
2020-05-24,Spain,Belgium,2,2,Friendly,False,Spain
2020-05-28,Argentina,Iran,5,0,World Cup qualification,False,Argentina
2020-06-01,Morocco,Italy,0,1,World Cup qualification,False,Morocco
2020-06-05,Iran,Croatia,0,1,Copa America,False,Iran
2020-06-09,Spain,Egypt,1,1,World Cup qualification,False,Spain
2020-06-13,Spain,Switzerland,1,0,Friendly,True,Neutral
2020-06-17,Spain,Japan,3,3,Nations League,False,Spain
2020-06-21,Australia,Scotland,3,1,Friendly,True,Neutral
2020-06-25,Ivory Coast,Argentina,0,1,Friendly,False,Ivory Coast
2020-06-28,Uruguay,Croatia,1,4,Nations League,False,Uruguay
2020-07-02,Morocco,Ivory Coast,3,0,World Cup qualification,False,Morocco
2020-07-06,Tunisia,Netherlands,1,1,Friendly,True,Neutral
2020-07-10,Brazil,Uruguay B,4,0,Nations League,True,Neutral
2020-07-14,Poland,Tunisia,1,2,Nations League,True,Neutral
2020-07-18,Australia,Poland,2,2,FIFA World Cup,False,Australia
2020-07-22,Mexico,Poland,1,3,FIFA World Cup,True,Neutral
2020-07-26,Scotland,Ivory Coast,0,0,Nations League,True,Neutral
2020-07-30,Sweden,Cameroon,0,0,Copa America,False,Sweden
2020-08-03,Ecuador,Australia,5,1,Nations League,False,Ecuador
2020-08-07,Saudi Arabia,Mexico,3,2,Nations League,False,Saudi Arabia
2020-08-11,Ukraine,Iran,2,3,UEFA Euro,False,Ukraine
2020-08-15,Colombia,Qatar,3,4,Copa America,True,Neutral
2020-08-19,Croatia,Germany,3,1,Copa America,False,Croatia
2020-08-23,Chile,Serbia,1,1,World Cup qualification,False,Chile
2020-08-27,Uruguay,Ecuador,2,1,Nations League,False,Uruguay
2020-08-31,Panama,Qatar,0,2,Nations League,False,Panama
2020-09-04,Brazil,Serbia,4,1,World Cup qualification,False,Brazil
2020-09-08,Mexico,Germany,0,3,FIFA World Cup,False,Mexico
2020-09-12,Peru,Scotland,1,3,Copa America,True,Neutral
2020-09-16,Belgium,Iran,3,1,Nations League,False,Belgium
2020-09-20,Wales,Ukraine,1,1,Nations League,False,Wales
2020-09-24,Netherlands,Serbia,2,2,Friendly,True,Neutral
2020-09-28,Uruguay B,Mexico,5,2,World Cup qualification,False,Uruguay B
2020-10-01,Colombia,Wales,2,2,Friendly,False,Colombia
2020-10-05,Chile,Tunisia,3,2,Copa America,False,Chile
2020-10-09,Iran,Portugal,0,1,Copa America,False,Iran
2020-10-13,France,Iran,1,0,Friendly,True,Neutral
2020-10-17,Scotland,Nigeria,0,2,Friendly,False,Scotland
2020-10-21,Cameroon,Australia,1,0,World Cup qualification,False,Cameroon
2020-10-25,Colombia,USA,0,1,Nations League,False,Colombia
2020-10-29,Colombia,Egypt,1,0,Friendly,False,Colombia
2020-11-02,Tunisia,Belgium,3,1,Friendly,False,Tunisia
2020-11-06,Chile,Serbia,1,0,Friendly,False,Chile
2020-11-10,Norway,Chile,3,0,Friendly,False,Norway
2020-11-14,France,Peru,2,0,Friendly,False,France
2020-11-18,Egypt,Chile,0,3,World Cup qualification,True,Neutral
2020-11-22,Australia,USA,0,1,Nations League,True,Neutral
2020-11-26,Switzerland,Tunisia,1,1,World Cup qualification,False,Switzerland
2020-11-30,Austria,Scotland,2,3,World Cup qualification,False,Austria
2020-12-04,Spain,Ivory Coast,0,0,FIFA World Cup,False,Spain
2020-12-08,Mexico,Wales,3,1,Friendly,False,Mexico
2020-12-12,Germany,Spain,3,0,Friendly,False,Germany
2020-12-16,Serbia,Costa Rica,2,0,Friendly,False,Serbia
2020-12-20,Morocco,Croatia,1,1,Nations League,True,Neutral
2020-12-24,Saudi Arabia,Netherlands,0,1,Friendly,False,Saudi Arabia
2020-12-28,Saudi Arabia,Germany,0,1,Friendly,False,Saudi Arabia
2021-01-01,Panama,Japan,2,4,UEFA Euro,False,Panama
2021-01-04,Serbia,Panama,1,2,Friendly,False,Serbia
2021-01-08,Cameroon,Costa Rica,2,1,Friendly,False,Cameroon
2021-01-12,Belgium,Costa Rica,5,1,Friendly,False,Belgium
2021-01-16,Peru,Netherlands,2,5,UEFA Euro,True,Neutral
2021-01-20,Netherlands,Nigeria,1,0,Friendly,True,Neutral
2021-01-24,Uruguay B,Scotland,1,1,Friendly,False,Uruguay B
2021-01-28,Costa Rica,Austria,1,0,World Cup qualification,True,Neutral
2021-02-01,Uruguay B,Poland,1,2,Copa America,True,Neutral
2021-02-05,Panama,Serbia,0,0,Friendly,False,Panama
2021-02-09,Morocco,Norway,2,1,FIFA World Cup,False,Morocco
2021-02-13,Austria,Cameroon,1,2,Friendly,False,Austria
2021-02-17,England,Ivory Coast,3,0,Friendly,False,England
2021-02-21,Uruguay B,Spain,1,3,Friendly,False,Uruguay B
2021-02-25,Tunisia,Morocco,1,0,Nations League,False,Tunisia
2021-03-01,Argentina,Panama,3,0,World Cup qualification,False,Argentina
2021-03-05,Costa Rica,Switzerland,2,3,Nations League,False,Costa Rica
2021-03-09,Costa Rica,Algeria,0,0,Friendly,False,Costa Rica
2021-03-13,Australia,Scotland,0,2,Copa America,False,Australia
2021-03-17,Argentina,Netherlands,1,1,World Cup qualification,False,Argentina
2021-03-21,England,Brazil,0,0,Copa America,False,England
2021-03-25,Senegal,Qatar,3,0,World Cup qualification,False,Senegal
2021-03-29,France,Peru,3,2,Friendly,False,France
2021-04-02,Ukraine,Serbia,0,2,Friendly,True,Neutral
2021-04-06,Cameroon,Canada,0,4,Friendly,True,Neutral
2021-04-09,Scotland,Costa Rica,2,2,World Cup qualification,True,Neutral
2021-04-13,Netherlands,Spain,1,1,Friendly,False,Netherlands
2021-04-17,Egypt,Tunisia,3,1,Nations League,False,Egypt
2021-04-21,Croatia,Mexico,0,1,UEFA Euro,True,Neutral
2021-04-25,Brazil,Egypt,2,1,Friendly,True,Neutral
2021-04-29,Uruguay,Germany,2,1,Friendly,True,Neutral
2021-05-03,Netherlands,Ivory Coast,4,1,World Cup qualification,False,Netherlands
2021-05-07,Germany,Serbia,0,0,UEFA Euro,False,Germany
2021-05-11,Senegal,South Korea,1,1,World Cup qualification,False,Senegal
2021-05-15,Netherlands,Turkey,4,1,Friendly,False,Netherlands
2021-05-19,Netherlands,Ghana,1,1,Nations League,True,Neutral
2021-05-23,Nigeria,England,3,3,FIFA World Cup,False,Nigeria
2021-05-27,Spain,Tunisia,2,0,Friendly,False,Spain
2021-05-31,Ghana,Denmark,1,5,World Cup qualification,False,Ghana
2021-06-04,Ivory Coast,South Korea,0,2,Friendly,False,Ivory Coast
2021-06-08,Portugal,Denmark,2,2,World Cup qualification,False,Portugal
2021-06-12,Chile,USA,2,1,World Cup qualification,False,Chile
2021-06-16,Sweden,Panama,3,0,UEFA Euro,False,Sweden
2021-06-20,Australia,Mexico,1,1,Friendly,False,Australia
2021-06-24,Argentina,Senegal,0,0,World Cup qualification,True,Neutral
2021-06-28,Uruguay B,France,3,2,Friendly,True,Neutral
2021-07-02,Chile,Nigeria,3,3,FIFA World Cup,True,Neutral
2021-07-06,Ivory Coast,Cameroon,2,1,World Cup qualification,False,Ivory Coast
2021-07-10,Argentina,Belgium,1,0,Nations League,False,Argentina
2021-07-13,Serbia,Canada,3,0,Friendly,False,Serbia
2021-07-17,Uruguay,Uruguay B,3,1,Friendly,True,Neutral
2021-07-21,Serbia,Spain,1,1,World Cup qualification,False,Serbia
2021-07-25,Croatia,France,1,0,Friendly,False,Croatia
2021-07-29,Turkey,Colombia,0,0,World Cup qualification,False,Turkey
2021-08-02,USA,Nigeria,1,3,UEFA Euro,False,USA
2021-08-06,Norway,Qatar,2,3,Friendly,True,Neutral
2021-08-10,Netherlands,Sweden,1,0,Copa America,True,Neutral
2021-08-14,Chile,Saudi Arabia,3,0,Friendly,False,Chile
2021-08-18,England,Algeria,2,3,Nations League,True,Neutral
2021-08-22,Brazil,Belgium,5,2,Friendly,False,Brazil
2021-08-26,South Korea,France,3,5,Friendly,False,South Korea
2021-08-30,Japan,Scotland,1,1,Friendly,True,Neutral
2021-09-03,Switzerland,Iran,1,1,World Cup qualification,True,Neutral
2021-09-07,Portugal,Turkey,1,2,World Cup qualification,False,Portugal
2021-09-11,Wales,Norway,0,2,Nations League,False,Wales
2021-09-15,Sweden,Wales,2,0,Copa America,False,Sweden
2021-09-19,Colombia,Chile,3,1,Nations League,False,Colombia
2021-09-23,Canada,Chile,1,1,Friendly,False,Canada
2021-09-27,Turkey,Panama,1,4,World Cup qualification,True,Neutral
2021-10-01,Belgium,Panama,1,0,Friendly,True,Neutral
2021-10-05,Ivory Coast,Nigeria,2,3,Friendly,True,Neutral
2021-10-09,USA,Brazil,1,0,Friendly,False,USA
2021-10-13,USA,France,0,2,Friendly,False,USA
2021-10-16,Argentina,Portugal,2,1,Friendly,False,Argentina
2021-10-20,Japan,Turkey,1,1,Friendly,False,Japan
2021-10-24,Sweden,Algeria,3,1,World Cup qualification,False,Sweden
2021-10-28,Cameroon,USA,1,2,Friendly,False,Cameroon
2021-11-01,Uruguay,France,4,0,Friendly,True,Neutral
2021-11-05,Wales,Scotland,4,4,FIFA World Cup,False,Wales
2021-11-09,Canada,Nigeria,2,0,Friendly,False,Canada
2021-11-13,Brazil,Senegal,4,0,FIFA World Cup,True,Neutral
2021-11-17,Austria,Ukraine,3,1,Friendly,False,Austria
2021-11-21,Brazil,Australia,4,0,Nations League,False,Brazil
2021-11-25,Poland,Austria,1,2,Friendly,False,Poland
2021-11-29,Wales,Cameroon,1,2,Friendly,False,Wales
2021-12-03,Ghana,Nigeria,1,1,Friendly,False,Ghana
2021-12-07,Mexico,Japan,0,0,Copa America,False,Mexico
2021-12-11,Qatar,Canada,2,2,Friendly,False,Qatar
2021-12-15,Portugal,Mexico,2,1,World Cup qualification,False,Portugal
2021-12-19,Italy,Tunisia,2,0,UEFA Euro,True,Neutral
2021-12-23,South Korea,Iran,1,2,Nations League,False,South Korea
2021-12-27,Brazil,Cameroon,3,3,Friendly,False,Brazil
2021-12-31,Egypt,Norway,0,1,Friendly,True,Neutral
2022-01-04,Australia,Uruguay,1,1,Nations League,True,Neutral
2022-01-08,USA,Ivory Coast,1,0,World Cup qualification,False,USA
2022-01-12,Serbia,Ivory Coast,1,0,Friendly,False,Serbia
2022-01-16,Panama,Belgium,2,3,Friendly,False,Panama
2022-01-20,Sweden,Nigeria,1,0,World Cup qualification,True,Neutral
2022-01-23,Mexico,Scotland,2,1,Nations League,False,Mexico
2022-01-27,Spain,Panama,5,1,Friendly,False,Spain
2022-01-31,Austria,Ecuador,4,2,World Cup qualification,False,Austria
2022-02-04,Scotland,Australia,1,1,Copa America,False,Scotland
2022-02-08,Germany,Australia,3,0,Friendly,False,Germany
2022-02-12,Senegal,Germany,0,1,Copa America,False,Senegal
2022-02-16,Morocco,Ivory Coast,1,1,Friendly,False,Morocco
2022-02-20,USA,Italy,2,1,World Cup qualification,False,USA
2022-02-24,Cameroon,Serbia,2,2,Friendly,True,Neutral
2022-02-28,England,Nigeria,1,1,World Cup qualification,False,England
2022-03-04,Colombia,Spain,1,2,Friendly,True,Neutral
2022-03-08,Sweden,Nigeria,1,1,Friendly,True,Neutral
2022-03-12,Uruguay,Morocco,2,1,Friendly,False,Uruguay
2022-03-16,Denmark,Canada,1,3,Friendly,True,Neutral
2022-03-20,Portugal,Uruguay B,1,0,Friendly,True,Neutral
2022-03-24,Uruguay B,Peru,1,0,Friendly,True,Neutral
2022-03-28,Croatia,USA,3,3,Copa America,True,Neutral
2022-04-01,Senegal,Ghana,3,1,World Cup qualification,False,Senegal
2022-04-05,Uruguay,Argentina,1,2,Friendly,False,Uruguay
2022-04-09,Chile,Ecuador,1,0,Nations League,False,Chile
2022-04-13,Norway,Ecuador,1,1,World Cup qualification,False,Norway
2022-04-17,Austria,South Korea,0,0,Friendly,False,Austria
2022-04-21,Canada,Ukraine,0,1,Friendly,False,Canada
2022-04-25,Switzerland,Spain,0,0,Nations League,False,Switzerland
2022-04-28,Ecuador,Chile,2,1,World Cup qualification,False,Ecuador
2022-05-02,Egypt,Mexico,3,1,UEFA Euro,False,Egypt
2022-05-06,Cameroon,Belgium,0,1,World Cup qualification,False,Cameroon
2022-05-10,Denmark,Nigeria,2,1,Friendly,False,Denmark
2022-05-14,Denmark,Poland,2,1,Nations League,True,Neutral
2022-05-18,Costa Rica,Serbia,2,1,FIFA World Cup,False,Costa Rica
2022-05-22,Egypt,England,0,4,Copa America,False,Egypt
2022-05-26,Poland,Croatia,1,1,World Cup qualification,True,Neutral
2022-05-30,Peru,Panama,1,4,Friendly,False,Peru
2022-06-03,Colombia,Egypt,1,2,Friendly,True,Neutral
2022-06-07,Brazil,Colombia,1,0,FIFA World Cup,False,Brazil
2022-06-11,Australia,Mexico,0,2,Friendly,True,Neutral
2022-06-15,USA,Portugal,2,2,FIFA World Cup,False,USA
2022-06-19,Chile,South Korea,0,1,Friendly,False,Chile
2022-06-23,Morocco,Peru,5,0,Friendly,False,Morocco
2022-06-27,Australia,USA,1,3,World Cup qualification,False,Australia
2022-07-01,Croatia,Japan,2,2,Friendly,False,Croatia
2022-07-05,Portugal,South Korea,0,0,Nations League,False,Portugal
2022-07-09,France,Switzerland,2,0,Nations League,True,Neutral
2022-07-13,Poland,Switzerland,1,1,Nations League,False,Poland
2022-07-17,Germany,Chile,1,0,World Cup qualification,True,Neutral
2022-07-21,Ecuador,Uruguay B,0,0,Nations League,False,Ecuador
2022-07-25,Croatia,Portugal,1,0,Friendly,False,Croatia
2022-07-29,Wales,Canada,0,0,UEFA Euro,False,Wales
2022-08-01,Mexico,Switzerland,0,3,FIFA World Cup,True,Neutral
2022-08-05,Denmark,Mexico,0,1,Friendly,False,Denmark
2022-08-09,Serbia,Peru,1,1,Friendly,False,Serbia
2022-08-13,Uruguay B,Chile,3,2,Nations League,True,Neutral
2022-08-17,Ecuador,Ghana,0,3,UEFA Euro,True,Neutral
2022-08-21,Mexico,Costa Rica,6,0,Friendly,False,Mexico
2022-08-25,Italy,Norway,1,4,Friendly,False,Italy
2022-08-29,Brazil,Norway,1,3,Friendly,False,Brazil
2022-09-02,Qatar,Switzerland,1,0,World Cup qualification,False,Qatar
2022-09-06,Ivory Coast,Spain,0,2,Friendly,False,Ivory Coast
2022-09-10,Cameroon,Spain,1,3,Friendly,False,Cameroon
2022-09-14,Denmark,Scotland,1,1,Nations League,False,Denmark
2022-09-18,Cameroon,Brazil,0,1,UEFA Euro,False,Cameroon
2022-09-22,France,Saudi Arabia,5,0,Nations League,False,France
2022-09-26,England,Qatar,2,0,UEFA Euro,False,England
2022-09-30,Algeria,Nigeria,2,1,World Cup qualification,False,Algeria
2022-10-04,Canada,Wales,1,2,Nations League,False,Canada
2022-10-08,Qatar,Portugal,0,3,Friendly,False,Qatar
2022-10-12,Saudi Arabia,Mexico,1,1,Friendly,True,Neutral
2022-10-16,Japan,Croatia,2,3,Friendly,False,Japan
2022-10-20,Panama,Portugal,1,3,Friendly,False,Panama
2022-10-24,Portugal,Saudi Arabia,3,0,Friendly,True,Neutral
2022-10-28,Panama,Morocco,0,4,Friendly,True,Neutral
2022-11-01,Italy,Canada,5,1,Friendly,True,Neutral
2022-11-04,USA,Netherlands,0,2,Friendly,True,Neutral
2022-11-08,Uruguay,Norway,1,3,World Cup qualification,False,Uruguay
2022-11-12,Algeria,Ecuador,1,0,World Cup qualification,False,Algeria
2022-11-16,Ecuador,Cameroon,0,0,Friendly,False,Ecuador
2022-11-20,Algeria,Sweden,0,1,Friendly,False,Algeria
2022-11-24,Panama,Canada,4,0,Copa America,False,Panama
2022-11-28,Ivory Coast,Poland,2,1,Friendly,False,Ivory Coast
2022-12-02,Denmark,Egypt,1,1,Nations League,False,Denmark
2022-12-06,Tunisia,Denmark,0,0,Friendly,False,Tunisia
2022-12-10,Ghana,Ivory Coast,3,0,Friendly,False,Ghana
2022-12-14,South Korea,Saudi Arabia,3,0,World Cup qualification,False,South Korea
2022-12-18,Chile,Tunisia,1,1,Friendly,False,Chile
2022-12-22,England,Uruguay B,7,0,World Cup qualification,False,England
2022-12-26,Ghana,Portugal,1,4,Friendly,False,Ghana
2022-12-30,Costa Rica,Saudi Arabia,3,4,Friendly,True,Neutral
2023-01-03,Tunisia,Algeria,3,2,Friendly,False,Tunisia
2023-01-07,Ukraine,South Korea,1,1,Friendly,True,Neutral
2023-01-11,Belgium,Ghana,2,0,World Cup qualification,False,Belgium
2023-01-15,Ukraine,Serbia,4,0,Nations League,False,Ukraine
2023-01-19,Tunisia,Scotland,1,1,Friendly,False,Tunisia
2023-01-23,Ghana,Croatia,0,1,UEFA Euro,False,Ghana
2023-01-27,Uruguay,England,1,2,UEFA Euro,True,Neutral
2023-01-31,Uruguay B,Spain,1,3,Copa America,False,Uruguay B
2023-02-04,Serbia,Norway,0,0,World Cup qualification,False,Serbia
2023-02-07,Japan,Canada,5,2,World Cup qualification,True,Neutral
2023-02-11,Iran,Tunisia,0,3,UEFA Euro,True,Neutral
2023-02-15,Uruguay,Serbia,3,0,World Cup qualification,True,Neutral
2023-02-19,South Korea,Nigeria,0,1,World Cup qualification,False,South Korea
2023-02-23,Germany,Colombia,2,1,Friendly,False,Germany
2023-02-27,Scotland,Netherlands,1,1,World Cup qualification,False,Scotland
2023-03-03,Switzerland,Colombia,2,1,UEFA Euro,False,Switzerland
2023-03-07,Wales,France,1,3,Friendly,False,Wales
2023-03-11,Egypt,Chile,2,1,Copa America,True,Neutral
2023-03-15,Australia,Algeria,0,2,Nations League,True,Neutral
2023-03-19,Panama,Croatia,1,2,Copa America,True,Neutral
2023-03-23,Peru,France,0,2,World Cup qualification,True,Neutral
2023-03-27,Poland,Argentina,0,2,Friendly,True,Neutral
2023-03-31,Canada,Senegal,3,2,World Cup qualification,False,Canada
2023-04-04,Germany,Japan,3,2,Friendly,False,Germany
2023-04-08,Austria,Colombia,2,3,FIFA World Cup,False,Austria
2023-04-12,Costa Rica,Iran,2,1,World Cup qualification,True,Neutral
2023-04-16,Costa Rica,Wales,3,1,FIFA World Cup,False,Costa Rica
2023-04-20,Ivory Coast,Mexico,0,4,Nations League,False,Ivory Coast
2023-04-24,Peru,France,2,3,Friendly,False,Peru
2023-04-28,Ghana,Denmark,0,0,Friendly,False,Ghana
2023-05-02,Ukraine,Croatia,2,4,Friendly,True,Neutral
2023-05-06,Norway,Scotland,1,1,World Cup qualification,False,Norway
2023-05-10,Ghana,Qatar,2,0,World Cup qualification,False,Ghana
2023-05-14,Nigeria,Sweden,0,0,Friendly,True,Neutral
2023-05-17,Ivory Coast,Uruguay,1,2,Nations League,True,Neutral
2023-05-21,England,Australia,3,1,Friendly,False,England
2023-05-25,Poland,Algeria,3,0,Friendly,False,Poland
2023-05-29,Ghana,Cameroon,1,1,UEFA Euro,True,Neutral
2023-06-02,Canada,Costa Rica,2,1,Friendly,False,Canada
2023-06-06,Sweden,Cameroon,1,1,Friendly,False,Sweden
2023-06-10,Denmark,Chile,2,2,World Cup qualification,False,Denmark
2023-06-14,France,Panama,2,0,Friendly,True,Neutral
2023-06-18,Serbia,Costa Rica,1,1,Friendly,True,Neutral
2023-06-22,Algeria,Australia,4,3,Nations League,False,Algeria
2023-06-26,Ukraine,Turkey,3,0,Friendly,False,Ukraine
2023-06-30,Uruguay B,Australia,0,2,Friendly,False,Uruguay B
2023-07-04,Serbia,Australia,1,1,Friendly,False,Serbia
2023-07-08,Algeria,England,0,3,Friendly,False,Algeria
2023-07-12,Portugal,USA,4,1,Friendly,False,Portugal
2023-07-16,Ghana,Switzerland,0,1,Nations League,True,Neutral
2023-07-20,Serbia,Austria,2,1,Copa America,False,Serbia
2023-07-24,Mexico,Japan,1,2,Friendly,False,Mexico
2023-07-28,England,Denmark,2,0,Friendly,False,England
2023-08-01,Sweden,Japan,1,3,Friendly,False,Sweden
2023-08-05,Japan,Uruguay,2,3,World Cup qualification,False,Japan
2023-08-09,Nigeria,Scotland,2,3,World Cup qualification,False,Nigeria
2023-08-13,South Korea,Ivory Coast,0,2,Copa America,False,South Korea
2023-08-17,Colombia,Canada,4,3,Friendly,False,Colombia
2023-08-20,South Korea,Canada,0,2,Nations League,True,Neutral
2023-08-24,Belgium,Morocco,0,0,World Cup qualification,False,Belgium
2023-08-28,Netherlands,Ivory Coast,4,1,World Cup qualification,False,Netherlands
2023-09-01,Cameroon,Sweden,0,1,World Cup qualification,False,Cameroon
2023-09-05,Argentina,Wales,4,1,Friendly,False,Argentina
2023-09-09,Norway,Egypt,0,2,World Cup qualification,True,Neutral
2023-09-13,Sweden,Costa Rica,0,1,Friendly,True,Neutral
2023-09-17,Canada,Croatia,0,4,Friendly,False,Canada
2023-09-21,Austria,Italy,0,3,Nations League,False,Austria
2023-09-25,Morocco,France,1,2,Friendly,True,Neutral
2023-09-29,Algeria,Senegal,2,3,Friendly,False,Algeria
2023-10-03,Uruguay,South Korea,1,2,Friendly,False,Uruguay
2023-10-07,Morocco,Portugal,0,3,World Cup qualification,False,Morocco
2023-10-11,Italy,South Korea,1,0,World Cup qualification,True,Neutral
2023-10-15,Uruguay B,Canada,4,1,Friendly,True,Neutral
2023-10-19,Chile,Ukraine,1,0,World Cup qualification,False,Chile
2023-10-23,England,Australia,1,0,Friendly,True,Neutral
2023-10-27,Argentina,Canada,5,0,World Cup qualification,False,Argentina
2023-10-31,Morocco,Sweden,1,0,Nations League,False,Morocco
2023-11-04,Germany,France,3,3,Friendly,False,Germany
2023-11-08,Uruguay B,Cameroon,2,0,Friendly,False,Uruguay B
2023-11-12,Egypt,Iran,1,0,Friendly,False,Egypt
2023-11-16,Iran,Senegal,3,0,Friendly,False,Iran
2023-11-20,Wales,Argentina,0,4,Friendly,False,Wales
2023-11-23,Algeria,Croatia,0,2,World Cup qualification,True,Neutral
2023-11-27,Poland,Peru,1,1,Friendly,False,Poland
2023-12-01,Poland,USA,1,2,Friendly,False,Poland
2023-12-05,Algeria,South Korea,1,3,FIFA World Cup,False,Algeria
2023-12-09,Colombia,Uruguay,1,2,FIFA World Cup,False,Colombia
2023-12-13,USA,Wales,3,2,Friendly,False,USA
2023-12-17,Poland,Serbia,0,3,Copa America,False,Poland
2023-12-21,Ukraine,Serbia,4,0,Friendly,False,Ukraine
2023-12-25,Tunisia,Switzerland,1,1,FIFA World Cup,False,Tunisia
2023-12-29,Serbia,Uruguay B,2,0,World Cup qualification,False,Serbia
2024-01-02,Mexico,Croatia,2,0,World Cup qualification,False,Mexico
2024-01-06,Japan,Egypt,1,2,Nations League,False,Japan
2024-01-10,Sweden,Belgium,0,1,Friendly,True,Neutral
2024-01-14,Norway,Nigeria,2,1,World Cup qualification,False,Norway
2024-01-18,Spain,Sweden,3,0,Friendly,False,Spain
2024-01-22,Uruguay,Scotland,1,2,World Cup qualification,False,Uruguay
2024-01-26,Chile,Morocco,0,2,Copa America,False,Chile
2024-01-30,Norway,Colombia,0,0,World Cup qualification,True,Neutral
2024-02-03,Croatia,Sweden,2,2,Friendly,False,Croatia
2024-02-07,France,Turkey,4,1,FIFA World Cup,False,France
2024-02-11,USA,Portugal,3,0,Friendly,True,Neutral
2024-02-15,Argentina,Morocco,1,0,World Cup qualification,False,Argentina
2024-02-19,Ivory Coast,Chile,2,1,Friendly,False,Ivory Coast
2024-02-23,Panama,Serbia,3,2,Friendly,True,Neutral
2024-02-26,Nigeria,Panama,1,1,World Cup qualification,False,Nigeria
2024-03-01,Scotland,Iran,2,2,Friendly,False,Scotland
2024-03-05,Egypt,Uruguay B,1,1,Friendly,False,Egypt
2024-03-09,Iran,Tunisia,0,0,Nations League,False,Iran
2024-03-13,Australia,Chile,2,1,World Cup qualification,True,Neutral
2024-03-17,Uruguay B,Ukraine,1,3,Friendly,True,Neutral
2024-03-21,Saudi Arabia,Peru,0,2,Friendly,True,Neutral
2024-03-25,Brazil,Tunisia,4,1,Friendly,True,Neutral
2024-03-29,Ghana,Japan,0,1,FIFA World Cup,False,Ghana
2024-04-02,Cameroon,Netherlands,0,4,Friendly,True,Neutral
2024-04-06,Iran,Norway,1,2,Friendly,False,Iran
2024-04-10,Senegal,Tunisia,1,2,Friendly,False,Senegal
2024-04-14,Wales,Austria,2,2,Friendly,False,Wales
2024-04-18,Saudi Arabia,Switzerland,0,3,Friendly,False,Saudi Arabia
2024-04-22,Norway,Costa Rica,1,0,Nations League,False,Norway
2024-04-26,Croatia,Spain,0,1,Friendly,False,Croatia
2024-04-30,Costa Rica,Argentina,0,4,Friendly,True,Neutral
2024-05-04,Iran,Serbia,0,4,Nations League,False,Iran
2024-05-08,Brazil,Uruguay B,0,1,World Cup qualification,False,Brazil
2024-05-12,USA,Brazil,0,3,FIFA World Cup,False,USA
2024-05-16,Portugal,Italy,1,1,Friendly,True,Neutral
2024-05-20,Switzerland,Austria,1,0,Friendly,False,Switzerland
2024-05-24,Germany,Qatar,1,1,World Cup qualification,False,Germany
2024-05-28,Iran,Argentina,0,6,World Cup qualification,False,Iran
2024-05-31,France,Ivory Coast,2,0,World Cup qualification,True,Neutral
2024-06-04,Ukraine,England,1,0,Friendly,False,Ukraine
2024-06-08,Saudi Arabia,Costa Rica,0,2,Friendly,True,Neutral
2024-06-12,France,Scotland,2,0,Friendly,False,France
2024-06-16,Croatia,Ivory Coast,5,0,UEFA Euro,False,Croatia
2024-06-20,Ghana,Morocco,2,1,Friendly,False,Ghana
2024-06-24,Denmark,Ukraine,2,1,Friendly,True,Neutral
2024-06-28,Portugal,Austria,3,0,Copa America,False,Portugal
2024-07-02,Ghana,Sweden,0,1,Friendly,False,Ghana
2024-07-06,England,Portugal,1,2,Friendly,False,England
2024-07-10,Costa Rica,Denmark,0,1,World Cup qualification,True,Neutral
2024-07-14,Sweden,Ivory Coast,3,2,Friendly,False,Sweden
2024-07-18,Switzerland,Turkey,2,0,Friendly,False,Switzerland
2024-07-22,Peru,Belgium,0,1,UEFA Euro,True,Neutral
2024-07-26,Ghana,Mexico,0,3,Friendly,False,Ghana
2024-07-30,Saudi Arabia,Australia,3,0,Nations League,False,Saudi Arabia
2024-08-03,Algeria,Nigeria,2,0,Nations League,True,Neutral
2024-08-07,Scotland,Spain,1,4,FIFA World Cup,False,Scotland
2024-08-11,Ghana,Portugal,1,1,Friendly,False,Ghana
2024-08-15,Colombia,Argentina,2,2,FIFA World Cup,True,Neutral
2024-08-19,Germany,Netherlands,0,2,Friendly,False,Germany
2024-08-23,Iran,Uruguay B,2,1,Friendly,False,Iran
2024-08-27,Saudi Arabia,Uruguay,2,1,UEFA Euro,True,Neutral
2024-08-31,Scotland,Switzerland,1,0,Friendly,False,Scotland
2024-09-03,Algeria,Switzerland,1,2,Nations League,False,Algeria
2024-09-07,Algeria,Argentina,0,3,Copa America,False,Algeria
2024-09-11,Cameroon,Peru,1,1,Nations League,False,Cameroon
2024-09-15,Panama,Germany,1,2,World Cup qualification,True,Neutral
2024-09-19,Egypt,Brazil,2,4,World Cup qualification,False,Egypt
2024-09-23,Austria,Ivory Coast,0,0,Copa America,False,Austria
2024-09-27,Brazil,Germany,1,1,Copa America,False,Brazil
2024-10-01,Ivory Coast,Iran,0,2,Copa America,False,Ivory Coast
2024-10-05,South Korea,Serbia,0,2,Friendly,True,Neutral
2024-10-09,Norway,Turkey,1,2,Friendly,True,Neutral
2024-10-13,Panama,Peru,2,0,Friendly,False,Panama
2024-10-17,France,Ecuador,4,2,Nations League,True,Neutral
2024-10-21,Australia,Algeria,0,0,Nations League,False,Australia
2024-10-25,Portugal,Egypt,2,2,Copa America,True,Neutral
2024-10-29,Croatia,Mexico,0,2,World Cup qualification,False,Croatia
2024-11-02,Austria,USA,1,2,World Cup qualification,True,Neutral
2024-11-06,Sweden,Nigeria,5,2,Friendly,False,Sweden
2024-11-10,Serbia,Turkey,3,0,World Cup qualification,False,Serbia
2024-11-14,Turkey,Egypt,0,0,Nations League,False,Turkey
2024-11-18,Costa Rica,Mexico,1,3,World Cup qualification,False,Costa Rica
2024-11-22,Costa Rica,Senegal,0,0,Friendly,False,Costa Rica
2024-11-26,France,Qatar,5,0,FIFA World Cup,False,France
2024-11-30,Qatar,Morocco,2,3,Copa America,True,Neutral
2024-12-04,Turkey,Poland,2,2,Friendly,True,Neutral
2024-12-08,Peru,Ghana,3,2,UEFA Euro,True,Neutral
2024-12-11,Belgium,Portugal,4,1,Nations League,False,Belgium
2024-12-15,Scotland,Italy,0,0,Friendly,False,Scotland
2024-12-19,Croatia,Wales,3,0,Friendly,False,Croatia
2024-12-23,Netherlands,Canada,3,0,Friendly,False,Netherlands
2024-12-27,Croatia,Qatar,1,0,World Cup qualification,False,Croatia
2024-12-31,Serbia,Germany,0,2,World Cup qualification,False,Serbia
2025-01-04,Ecuador,England,1,2,Friendly,True,Neutral
2025-01-08,Norway,Spain,1,1,UEFA Euro,False,Norway
2025-01-12,Uruguay,Morocco,1,0,Friendly,True,Neutral
2025-01-16,Sweden,Canada,3,0,Friendly,False,Sweden
2025-01-20,South Korea,Ecuador,0,1,World Cup qualification,False,South Korea
2025-01-24,Denmark,Chile,1,0,Friendly,False,Denmark
2025-01-28,Iran,Canada,0,1,Friendly,True,Neutral
2025-02-01,England,Tunisia,2,2,Friendly,False,England
2025-02-05,Poland,Australia,1,0,Friendly,False,Poland
2025-02-09,Croatia,Belgium,1,3,FIFA World Cup,True,Neutral
2025-02-13,Algeria,Colombia,2,2,Nations League,True,Neutral
2025-02-17,Denmark,Turkey,4,0,World Cup qualification,False,Denmark
2025-02-21,Switzerland,France,2,2,UEFA Euro,False,Switzerland
2025-02-25,Portugal,Senegal,0,1,Friendly,True,Neutral
2025-03-01,USA,Ivory Coast,1,1,World Cup qualification,True,Neutral
2025-03-05,Brazil,Norway,2,0,World Cup qualification,False,Brazil
2025-03-09,France,Panama,3,0,Friendly,False,France
2025-03-13,Qatar,Belgium,0,1,Nations League,False,Qatar
2025-03-16,Belgium,USA,0,0,World Cup qualification,False,Belgium
2025-03-20,Iran,Panama,1,0,Friendly,False,Iran
2025-03-24,Peru,South Korea,2,1,Friendly,False,Peru
2025-03-28,Portugal,Uruguay B,4,2,World Cup qualification,False,Portugal
2025-04-01,Brazil,Egypt,5,0,FIFA World Cup,True,Neutral
2025-04-05,Canada,Norway,2,3,Copa America,True,Neutral
2025-04-09,Uruguay B,Ukraine,0,2,Friendly,False,Uruguay B
2025-04-13,Japan,Austria,0,2,World Cup qualification,False,Japan
2025-04-17,Costa Rica,Poland,1,3,Copa America,True,Neutral
2025-04-21,Switzerland,Chile,1,1,Friendly,False,Switzerland
2025-04-25,Germany,Poland,3,1,UEFA Euro,True,Neutral
2025-04-29,Ecuador,Ukraine,2,0,Friendly,False,Ecuador
2025-05-03,Portugal,Brazil,1,3,Friendly,False,Portugal
2025-05-07,Scotland,Italy,1,5,World Cup qualification,False,Scotland
2025-05-11,Austria,Ivory Coast,0,1,Friendly,False,Austria
2025-05-15,Denmark,Mexico,2,1,Friendly,False,Denmark
2025-05-19,Belgium,Nigeria,4,0,FIFA World Cup,False,Belgium
2025-05-23,Portugal,Australia,3,0,World Cup qualification,False,Portugal
2025-05-27,Sweden,Italy,0,1,Friendly,False,Sweden
2025-05-31,USA,Peru,3,0,UEFA Euro,False,USA
2025-06-04,Netherlands,Morocco,1,1,Nations League,False,Netherlands
2025-06-08,Scotland,Iran,2,1,Friendly,False,Scotland
2025-06-12,Portugal,Morocco,2,0,World Cup qualification,False,Portugal
2025-06-16,Turkey,Argentina,0,3,Friendly,False,Turkey
2025-06-19,Morocco,Egypt,0,1,Nations League,False,Morocco
2025-06-23,South Korea,Wales,1,2,FIFA World Cup,True,Neutral
2025-06-27,Belgium,Nigeria,0,2,Friendly,False,Belgium
2025-07-01,Tunisia,Serbia,2,0,Friendly,False,Tunisia
2025-07-05,Spain,Norway,2,1,Copa America,False,Spain
2025-07-09,Ivory Coast,Ecuador,4,0,Friendly,False,Ivory Coast
2025-07-13,Qatar,Ghana,0,3,Friendly,True,Neutral
2025-07-17,Egypt,Peru,2,1,World Cup qualification,False,Egypt
2025-07-21,Argentina,Belgium,1,1,Friendly,False,Argentina
2025-07-25,Mexico,Qatar,2,2,World Cup qualification,False,Mexico
2025-07-29,Italy,Saudi Arabia,3,1,Copa America,True,Neutral
2025-08-02,Ecuador,Mexico,0,4,World Cup qualification,False,Ecuador
2025-08-06,Argentina,Uruguay,4,1,Friendly,False,Argentina
2025-08-10,Brazil,Argentina,3,2,Friendly,False,Brazil
2025-08-14,Poland,Ukraine,1,5,Friendly,False,Poland
2025-08-18,Egypt,Portugal,1,1,World Cup qualification,False,Egypt
2025-08-22,Brazil,Switzerland,5,1,Friendly,False,Brazil
2025-08-26,Argentina,Algeria,6,3,Friendly,True,Neutral
2025-08-30,Canada,England,1,2,Friendly,False,Canada
2025-09-03,USA,Saudi Arabia,1,1,FIFA World Cup,True,Neutral
2025-09-07,Spain,Austria,4,2,Nations League,False,Spain
2025-09-11,Japan,Ghana,2,1,Friendly,False,Japan
2025-09-15,Serbia,Chile,0,0,FIFA World Cup,False,Serbia
2025-09-19,Turkey,Wales,2,0,UEFA Euro,False,Turkey
2025-09-22,Panama,Colombia,2,4,Friendly,False,Panama
2025-09-26,Sweden,Iran,2,2,Friendly,False,Sweden
2025-09-30,Tunisia,Ghana,0,1,World Cup qualification,False,Tunisia
2025-10-04,Scotland,Costa Rica,0,1,UEFA Euro,False,Scotland
2025-10-08,USA,Scotland,1,1,Friendly,True,Neutral
2025-10-12,Qatar,Chile,2,1,Copa America,True,Neutral
2025-10-16,Poland,Qatar,2,0,Friendly,False,Poland
2025-10-20,Belgium,Nigeria,2,0,FIFA World Cup,False,Belgium
2025-10-24,Germany,Peru,3,2,World Cup qualification,False,Germany
2025-10-28,Portugal,Italy,2,2,Friendly,False,Portugal
2025-11-01,Ukraine,Qatar,0,2,UEFA Euro,False,Ukraine
2025-11-05,Mexico,Portugal,1,0,UEFA Euro,False,Mexico
2025-11-09,Uruguay B,Croatia,2,1,Copa America,False,Uruguay B
2025-11-13,Senegal,Germany,0,2,Friendly,True,Neutral
2025-11-17,Costa Rica,Tunisia,0,0,Friendly,False,Costa Rica
2025-11-21,Ukraine,Netherlands,0,4,World Cup qualification,False,Ukraine
2025-11-25,Ukraine,Costa Rica,2,0,World Cup qualification,False,Ukraine
2025-11-29,Australia,Japan,5,4,Friendly,False,Australia
2025-12-03,Scotland,Brazil,0,1,Copa America,False,Scotland
2025-12-07,France,Turkey,2,0,World Cup qualification,True,Neutral
2025-12-11,Wales,Portugal,0,2,FIFA World Cup,False,Wales
2025-12-15,Argentina,Algeria,2,3,World Cup qualification,False,Argentina
2025-12-19,Australia,Morocco,1,1,Friendly,False,Australia
2025-12-23,Germany,England,2,1,World Cup qualification,False,Germany
2025-12-26,Italy,Wales,1,0,Friendly,True,Neutral
2025-12-30,Argentina,Denmark,2,0,Friendly,False,Argentina
2026-01-03,Serbia,Scotland,1,1,Friendly,True,Neutral
2026-01-07,Uruguay,Ukraine,3,0,UEFA Euro,True,Neutral
2026-01-11,Switzerland,Cameroon,2,1,World Cup qualification,True,Neutral
2026-01-15,Nigeria,Belgium,0,2,Friendly,False,Nigeria
2026-01-19,Poland,Serbia,2,1,UEFA Euro,False,Poland
2026-01-23,Ivory Coast,Switzerland,0,2,Friendly,False,Ivory Coast
2026-01-27,Ivory Coast,Peru,2,1,FIFA World Cup,False,Ivory Coast
2026-01-31,Poland,Qatar,1,1,Friendly,False,Poland
2026-02-04,Senegal,Ivory Coast,3,2,Friendly,True,Neutral
2026-02-08,Scotland,Algeria,3,0,Nations League,False,Scotland
2026-02-12,Switzerland,USA,2,0,World Cup qualification,False,Switzerland
2026-02-16,Poland,Peru,1,2,World Cup qualification,False,Poland
2026-02-20,Norway,Switzerland,2,3,Nations League,False,Norway
2026-02-24,Germany,Chile,3,2,Friendly,False,Germany
2026-02-28,Ivory Coast,Costa Rica,0,3,Friendly,False,Ivory Coast
2026-03-04,Panama,Portugal,1,4,Friendly,False,Panama
2026-03-08,Australia,Ivory Coast,2,3,Nations League,True,Neutral
2026-03-12,Turkey,Uruguay,2,3,Friendly,False,Turkey
2026-03-16,Spain,Ghana,5,1,World Cup qualification,False,Spain
2026-03-20,Ivory Coast,Austria,0,0,Friendly,False,Ivory Coast
2026-03-24,Chile,Denmark,0,2,FIFA World Cup,False,Chile
2026-03-28,Algeria,Germany,0,3,Friendly,True,Neutral
2026-04-01,Algeria,Netherlands,0,2,Friendly,False,Algeria
